metaData__createdTimestamp,metaData__safeAlertSpecVersion,geometry__geometryAsWKTString,geometry__radius,safeAlertList__safeAlertItem__sourceId,safeAlertList__safeAlertItem__safeAlertType,safeAlertList__safeAlertItem__severity,safeAlertList__safeAlertItem__geometry__|,safeAlertList__safeAlertItem__geometry__|__latitude,safeAlertList__safeAlertItem__geometry__|__longitude
2017-10-20T20:37:38.460-05:00,v0.2,"LINESTRING(-87.63720989227295 41.88749291909707,-87.63720989227295 41.88749291909707)",0.01,3380,Pedestrian,Low,begin,41.88465421,-87.6277509
,,,,,,,geometryPointList,41.88413015,-87.6277509
,,,,,,,,41.88413015,-87.62799814
,,,,,,,,41.88442622,-87.62799814
,,,,,,,,41.88442622,-87.62804698
,,,,,,,,41.88465421,-87.62804698
,,,,,,,endGeometryPoint,41.88465421,-87.6277509
,,,,4495,Lane Change,Low,begin,41.88233206,-87.63688051
,,,,,,,geometryPointList,41.88205759,-87.63688051
,,,,,,,,41.88205759,-87.63658443
,,,,,,,,41.88176151,-87.63658443
,,,,,,,,41.88176151,-87.6367913
,,,,,,,,41.88203598,-87.6367913
,,,,,,,,41.88203598,-87.63708737
,,,,,,,,41.88233206,-87.63708737
,,,,,,,endGeometryPoint,41.88233206,-87.63688051
,,,,4159,Parked,Low,begin,41.88945957,-87.63095893
,,,,,,,geometryPointList,41.88945957,-87.631255
,,,,,,,,41.88975565,-87.631255
,,,,,,,,41.88998835,-87.631255
,,,,,,,,41.88998835,-87.63095893
,,,,,,,,41.88975565,-87.63095893
,,,,,,,endGeometryPoint,41.88945957,-87.63095893
,,,,1836,Turning,Low,begin,41.88303853,-87.64271288
,,,,,,,geometryPointList,41.88303853,-87.64300895
,,,,,,,,41.88324191,-87.64300895
,,,,,,,,41.88324191,-87.64280209
,,,,,,,,41.88333461,-87.64280209
,,,,,,,,41.88333461,-87.64271288
,,,,,,,endGeometryPoint,41.88303853,-87.64271288
,,,,2751,Rear End,Low,begin,41.88205734,-87.62922502
,,,,,,,geometryPointList,41.88146543,-87.62922502
,,,,,,,,41.88146543,-87.62947853
,,,,,,,,41.88176151,-87.62947853
,,,,,,,,41.88176151,-87.6295211
,,,,,,,,41.88205734,-87.6295211
,,,,,,,endGeometryPoint,41.88205734,-87.62922502
,,,,2738,Rear End,Low,begin,41.88028087,-87.6321858
,,,,,,,geometryPointList,41.88028087,-87.63243932
,,,,,,,,41.88028112,-87.63243932
,,,,,,,,41.8805772,-87.63243932
,,,,,,,,41.88087303,-87.63243932
,,,,,,,,41.88087303,-87.6321858
,,,,,,,endGeometryPoint,41.88028087,-87.6321858
,,,,2185,Side Swipe,Low,begin,41.89310522,-87.631075
,,,,,,,geometryPointList,41.89310522,-87.63137108
,,,,,,,,41.8934013,-87.63137108
,,,,,,,,41.89360467,-87.63137108
,,,,,,,,41.89360467,-87.63125501
,,,,,,,,41.89390075,-87.63125501
,,,,,,,,41.89399345,-87.63125501
,,,,,,,,41.89399345,-87.631075
,,,,,,,,41.89369737,-87.631075
,,,,,,,,41.8934013,-87.631075
,,,,,,,endGeometryPoint,41.89310522,-87.631075
,,,,1839,Turning,High,begin,41.88353799,-87.63975209
,,,,,,,geometryPointList,41.88333461,-87.63975209
,,,,,,,,41.88333461,-87.63954522
,,,,,,,,41.88324191,-87.63954522
,,,,,,,,41.88324191,-87.63945601
,,,,,,,,41.88303853,-87.63945601
,,,,,,,,41.88303853,-87.63975209
,,,,,,,,41.88274245,-87.63975209
,,,,,,,,41.88274245,-87.6398413
,,,,,,,,41.88294583,-87.6398413
,,,,,,,,41.88294583,-87.64004816
,,,,,,,,41.88303853,-87.64004816
,,,,,,,,41.88303853,-87.64013738
,,,,,,,,41.88324191,-87.64013738
,,,,,,,,41.88324191,-87.6398413
,,,,,,,,41.88353799,-87.6398413
,,,,,,,endGeometryPoint,41.88353799,-87.63975209
,,,,4343,Hit Fixed Object,Low,begin,41.88324191,-87.63480795
,,,,,,,geometryPointList,41.88324191,-87.63421579
,,,,,,,,41.88303853,-87.63421579
,,,,,,,,41.88303853,-87.63433187
,,,,,,,,41.88294583,-87.63433187
,,,,,,,,41.88294583,-87.63462795
,,,,,,,,41.88303853,-87.63462795
,,,,,,,,41.88303853,-87.63492403
,,,,,,,,41.88324191,-87.63492403
,,,,,,,,41.88324191,-87.63480795
,,,,,,,,41.88324191,-87.63421579
,,,,,,,,41.88333461,-87.63421579
,,,,,,,,41.88333461,-87.63403579
,,,,,,,,41.88324191,-87.63403579
,,,,,,,endGeometryPoint,41.88324191,-87.63421579
,,,,4139,Parked,Low,begin,41.87820857,-87.63362364
,,,,,,,geometryPointList,41.87814519,-87.63362364
,,,,,,,,41.87814519,-87.63332756
,,,,,,,,41.87791249,-87.63332756
,,,,,,,,41.87791249,-87.63362364
,,,,,,,,41.87784911,-87.63362364
,,,,,,,,41.87761641,-87.63362364
,,,,,,,,41.87761641,-87.63391972
,,,,,,,,41.87784911,-87.63391972
,,,,,,,,41.87791249,-87.63391972
,,,,,,,,41.87791249,-87.63421579
,,,,,,,,41.87814519,-87.63421579
,,,,,,,,41.87814519,-87.63391972
,,,,,,,,41.87820857,-87.63391972
,,,,,,,,41.87844127,-87.63391972
,,,,,,,,41.87844127,-87.63362364
,,,,,,,endGeometryPoint,41.87820857,-87.63362364
,,,,3714,Intersection,Low,begin,41.8847223,-87.63243932
,,,,,,,geometryPointList,41.88413015,-87.63243932
,,,,,,,,41.88413015,-87.6327054
,,,,,,,,41.88422285,-87.6327054
,,,,,,,,41.88422285,-87.6327354
,,,,,,,,41.88451893,-87.6327354
,,,,,,,,41.88451893,-87.6327054
,,,,,,,,41.8847223,-87.6327054
,,,,,,,endGeometryPoint,41.8847223,-87.63243932
,,,,4496,Lane Change,Low,begin,41.88235367,-87.63086972
,,,,,,,geometryPointList,41.88233206,-87.63086972
,,,,,,,,41.88233206,-87.63057364
,,,,,,,,41.88203598,-87.63057364
,,,,,,,,41.88203598,-87.63086972
,,,,,,,,41.8817399,-87.63086972
,,,,,,,,41.8817399,-87.63095893
,,,,,,,,41.88176151,-87.63095893
,,,,,,,,41.88176151,-87.63116579
,,,,,,,,41.88205759,-87.63116579
,,,,,,,,41.88205759,-87.63095893
,,,,,,,,41.88235367,-87.63095893
,,,,,,,endGeometryPoint,41.88235367,-87.63086972
,,,,4514,Lane Change,Medium,begin,41.89358306,-87.63708737
,,,,,,,geometryPointList,41.89328698,-87.63708737
,,,,,,,,41.89328698,-87.6367913
,,,,,,,,41.89301252,-87.6367913
,,,,,,,,41.89301252,-87.63688051
,,,,,,,,41.8929909,-87.63688051
,,,,,,,,41.8929909,-87.63708737
,,,,,,,,41.89269482,-87.63708737
,,,,,,,,41.89269482,-87.63717659
,,,,,,,,41.89271644,-87.63717659
,,,,,,,,41.89301252,-87.63717659
,,,,,,,,41.89301252,-87.63747266
,,,,,,,,41.89328698,-87.63747266
,,,,,,,,41.89328698,-87.63738345
,,,,,,,,41.89330859,-87.63738345
,,,,,,,,41.89330859,-87.63717659
,,,,,,,,41.89358306,-87.63717659
,,,,,,,endGeometryPoint,41.89358306,-87.63708737
,,,,1816,Turning,Low,begin,41.87968896,-87.63688051
,,,,,,,geometryPointList,41.87939288,-87.63688051
,,,,,,,,41.87939288,-87.63658443
,,,,,,,,41.8791895,-87.63658443
,,,,,,,,41.8791895,-87.6367913
,,,,,,,,41.8790968,-87.6367913
,,,,,,,,41.8790968,-87.63688051
,,,,,,,,41.87889342,-87.63688051
,,,,,,,,41.87889342,-87.63708737
,,,,,,,,41.8791895,-87.63708737
,,,,,,,,41.8791895,-87.63738345
,,,,,,,,41.87939288,-87.63738345
,,,,,,,,41.87939288,-87.63717659
,,,,,,,,41.87948558,-87.63717659
,,,,,,,,41.87948558,-87.63708737
,,,,,,,,41.87968896,-87.63708737
,,,,,,,endGeometryPoint,41.87968896,-87.63688051
,,,,1827,Turning,Low,begin,41.88096598,-87.63066285
,,,,,,,geometryPointList,41.88087328,-87.63066285
,,,,,,,,41.88087328,-87.63057364
,,,,,,,,41.8805772,-87.63057364
,,,,,,,,41.8805772,-87.63066285
,,,,,,,,41.88037382,-87.63066285
,,,,,,,,41.88037382,-87.63086972
,,,,,,,,41.88096598,-87.63086972
,,,,,,,endGeometryPoint,41.88096598,-87.63066285
,,,,2190,Side Swipe,Low,begin,41.89656546,-87.63540011
,,,,,,,geometryPointList,41.89636209,-87.63540011
,,,,,,,,41.89636209,-87.63569619
,,,,,,,,41.89656546,-87.63569619
,,,,,,,,41.89656546,-87.63581227
,,,,,,,,41.89665816,-87.63581227
,,,,,,,,41.89665816,-87.63522011
,,,,,,,,41.89656546,-87.63522011
,,,,,,,endGeometryPoint,41.89656546,-87.63540011
,,,,2799,Rear End,Medium,begin,41.88738675,-87.64728581
,,,,,,,geometryPointList,41.88709068,-87.64728581
,,,,,,,,41.88709068,-87.64698973
,,,,,,,,41.88679486,-87.64698973
,,,,,,,,41.88679486,-87.64724327
,,,,,,,,41.8867946,-87.64724327
,,,,,,,,41.8867946,-87.64728581
,,,,,,,,41.88649878,-87.64728581
,,,,,,,,41.88649878,-87.64753935
,,,,,,,,41.88679486,-87.64753935
,,,,,,,,41.88679486,-87.64783543
,,,,,,,,41.88709068,-87.64783543
,,,,,,,,41.88709068,-87.64758189
,,,,,,,,41.88709094,-87.64758189
,,,,,,,,41.88709094,-87.64753935
,,,,,,,,41.88738675,-87.64753935
,,,,,,,endGeometryPoint,41.88738675,-87.64728581
,,,,2153,Side Swipe,Low,begin,41.87830127,-87.63510403
,,,,,,,geometryPointList,41.87820857,-87.63510403
,,,,,,,,41.87820857,-87.63492403
,,,,,,,,41.87800519,-87.63492403
,,,,,,,,41.87800519,-87.63551619
,,,,,,,,41.87820857,-87.63551619
,,,,,,,,41.87820857,-87.63540011
,,,,,,,,41.87830127,-87.63540011
,,,,,,,endGeometryPoint,41.87830127,-87.63510403
,,,,2154,Side Swipe,Low,begin,41.87850464,-87.63688051
,,,,,,,geometryPointList,41.87820857,-87.63688051
,,,,,,,,41.87820857,-87.63658443
,,,,,,,,41.87800519,-87.63658443
,,,,,,,,41.87800519,-87.63670051
,,,,,,,,41.87791249,-87.63670051
,,,,,,,,41.87791249,-87.63688051
,,,,,,,,41.87770911,-87.63688051
,,,,,,,,41.87770911,-87.63699658
,,,,,,,,41.87800519,-87.63699658
,,,,,,,,41.87800519,-87.63729266
,,,,,,,,41.87820857,-87.63729266
,,,,,,,,41.87820857,-87.63717659
,,,,,,,,41.87830127,-87.63717659
,,,,,,,,41.87830127,-87.63699658
,,,,,,,,41.87850464,-87.63699658
,,,,,,,endGeometryPoint,41.87850464,-87.63688051
,,,,2156,Side Swipe,Low,begin,41.87880072,-87.64250601
,,,,,,,geometryPointList,41.87880072,-87.64280209
,,,,,,,,41.87889342,-87.64280209
,,,,,,,,41.87889342,-87.64262209
,,,,,,,,41.8791895,-87.64262209
,,,,,,,,41.8791895,-87.64232601
,,,,,,,,41.8790968,-87.64232601
,,,,,,,,41.8790968,-87.64250601
,,,,,,,endGeometryPoint,41.87880072,-87.64250601
,,,,4494,Lane Change,Low,begin,41.88233206,-87.63235011
,,,,,,,geometryPointList,41.88203598,-87.63235011
,,,,,,,,41.88203598,-87.63205403
,,,,,,,,41.88176151,-87.63205403
,,,,,,,,41.88176151,-87.63214324
,,,,,,,,41.8817399,-87.63214324
,,,,,,,,41.8817399,-87.63235011
,,,,,,,,41.88146543,-87.63235011
,,,,,,,,41.88146543,-87.63243932
,,,,,,,,41.88176151,-87.63243932
,,,,,,,,41.88176151,-87.6327354
,,,,,,,,41.88203598,-87.6327354
,,,,,,,,41.88203598,-87.63264619
,,,,,,,,41.88205759,-87.63264619
,,,,,,,,41.88205759,-87.63243932
,,,,,,,,41.88233206,-87.63243932
,,,,,,,endGeometryPoint,41.88233206,-87.63235011
,,,,4499,Lane Change,Medium,begin,41.88351637,-87.63975209
,,,,,,,geometryPointList,41.88322029,-87.63975209
,,,,,,,,41.88322029,-87.63945601
,,,,,,,,41.88294583,-87.63945601
,,,,,,,,41.88294583,-87.63954522
,,,,,,,,41.88292421,-87.63954522
,,,,,,,,41.88292421,-87.63975209
,,,,,,,,41.88264975,-87.63975209
,,,,,,,,41.88264975,-87.6398413
,,,,,,,,41.88294583,-87.6398413
,,,,,,,,41.88294583,-87.64013738
,,,,,,,,41.88322029,-87.64013738
,,,,,,,,41.88322029,-87.64004816
,,,,,,,,41.88324191,-87.64004816
,,,,,,,,41.88324191,-87.6398413
,,,,,,,,41.88351637,-87.6398413
,,,,,,,endGeometryPoint,41.88351637,-87.63975209
,,,,4500,Lane Change,Low,begin,41.88351637,-87.62770206
,,,,,,,geometryPointList,41.88324191,-87.62770206
,,,,,,,,41.88324191,-87.62761285
,,,,,,,,41.88322029,-87.62761285
,,,,,,,,41.88322029,-87.62740598
,,,,,,,,41.88294583,-87.62740598
,,,,,,,,41.88292421,-87.62740598
,,,,,,,,41.88292421,-87.62761285
,,,,,,,,41.88264975,-87.62761285
,,,,,,,,41.88264975,-87.62770206
,,,,,,,,41.88235367,-87.62770206
,,,,,,,,41.88235367,-87.62761285
,,,,,,,,41.88233206,-87.62761285
,,,,,,,,41.88233206,-87.62790893
,,,,,,,,41.88262814,-87.62790893
,,,,,,,,41.88292421,-87.62790893
,,,,,,,,41.88292421,-87.628205
,,,,,,,,41.88322029,-87.628205
,,,,,,,,41.88322029,-87.62790893
,,,,,,,,41.88351637,-87.62790893
,,,,,,,endGeometryPoint,41.88351637,-87.62770206
,,,,4501,Lane Change,Low,begin,41.88322029,-87.6353109
,,,,,,,geometryPointList,41.88294583,-87.6353109
,,,,,,,,41.88294583,-87.63540011
,,,,,,,,41.88294583,-87.63560698
,,,,,,,,41.88322029,-87.63560698
,,,,,,,,41.88322029,-87.63569619
,,,,,,,,41.88324191,-87.63569619
,,,,,,,,41.88324191,-87.63540011
,,,,,,,,41.88324191,-87.63510403
,,,,,,,,41.88324191,-87.63501482
,,,,,,,,41.88322029,-87.63501482
,,,,,,,endGeometryPoint,41.88322029,-87.6353109
,,,,4502,Lane Change,Low,begin,41.88499677,-87.64102561
,,,,,,,geometryPointList,41.8847223,-87.64102561
,,,,,,,,41.8847223,-87.6409364
,,,,,,,,41.88470069,-87.6409364
,,,,,,,,41.88470069,-87.64072953
,,,,,,,,41.88442622,-87.64072953
,,,,,,,,41.88442622,-87.64102561
,,,,,,,,41.88413015,-87.64102561
,,,,,,,,41.88413015,-87.64123248
,,,,,,,,41.88440461,-87.64123248
,,,,,,,,41.88440461,-87.64132169
,,,,,,,,41.88442622,-87.64132169
,,,,,,,,41.88442622,-87.64152856
,,,,,,,,41.88470069,-87.64152856
,,,,,,,,41.88470069,-87.64123248
,,,,,,,,41.88499677,-87.64123248
,,,,,,,endGeometryPoint,41.88499677,-87.64102561
,,,,4503,Lane Change,Low,begin,41.88499677,-87.62938932
,,,,,,,geometryPointList,41.88470069,-87.62938932
,,,,,,,,41.88470069,-87.62909324
,,,,,,,,41.88442622,-87.62909324
,,,,,,,,41.88442622,-87.62918245
,,,,,,,,41.88440461,-87.62918245
,,,,,,,,41.88440461,-87.62938932
,,,,,,,,41.88413015,-87.62938932
,,,,,,,,41.88413015,-87.62947853
,,,,,,,,41.88442622,-87.62947853
,,,,,,,,41.88442622,-87.62977461
,,,,,,,,41.88470069,-87.62977461
,,,,,,,,41.88470069,-87.6296854
,,,,,,,,41.8847223,-87.6296854
,,,,,,,,41.8847223,-87.62947853
,,,,,,,,41.88499677,-87.62947853
,,,,,,,endGeometryPoint,41.88499677,-87.62938932
,,,,4507,Lane Change,Low,begin,41.88618108,-87.63095893
,,,,,,,geometryPointList,41.88590662,-87.63095893
,,,,,,,,41.88590662,-87.63086972
,,,,,,,,41.885885,-87.63086972
,,,,,,,,41.885885,-87.63066285
,,,,,,,,41.88561054,-87.63066285
,,,,,,,,41.88561054,-87.63095893
,,,,,,,,41.88531446,-87.63095893
,,,,,,,,41.88531446,-87.63116579
,,,,,,,,41.88558893,-87.63116579
,,,,,,,,41.88558893,-87.63125501
,,,,,,,,41.88561054,-87.63125501
,,,,,,,,41.88561054,-87.63146187
,,,,,,,,41.885885,-87.63146187
,,,,,,,,41.885885,-87.63116579
,,,,,,,,41.88618108,-87.63116579
,,,,,,,endGeometryPoint,41.88618108,-87.63095893
,,,,4515,Lane Change,Low,begin,41.89358306,-87.63560698
,,,,,,,geometryPointList,41.89328698,-87.63560698
,,,,,,,,41.89328698,-87.6353109
,,,,,,,,41.89301252,-87.6353109
,,,,,,,,41.89301252,-87.63540011
,,,,,,,,41.8929909,-87.63540011
,,,,,,,,41.8929909,-87.63560698
,,,,,,,,41.89269482,-87.63560698
,,,,,,,,41.89269482,-87.63569619
,,,,,,,,41.89271644,-87.63569619
,,,,,,,,41.89301252,-87.63569619
,,,,,,,,41.89301252,-87.63599227
,,,,,,,,41.89328698,-87.63599227
,,,,,,,,41.89328698,-87.63590306
,,,,,,,,41.89330859,-87.63590306
,,,,,,,,41.89330859,-87.63569619
,,,,,,,,41.89358306,-87.63569619
,,,,,,,endGeometryPoint,41.89358306,-87.63560698
,,,,4517,Lane Change,Low,begin,41.8944713,-87.63243932
,,,,,,,geometryPointList,41.89419683,-87.63243932
,,,,,,,,41.89419683,-87.63235011
,,,,,,,,41.89417522,-87.63235011
,,,,,,,,41.89417522,-87.63214324
,,,,,,,,41.89390075,-87.63214324
,,,,,,,,41.89390075,-87.63243932
,,,,,,,,41.89360467,-87.63243932
,,,,,,,,41.89358306,-87.63243932
,,,,,,,,41.89358306,-87.63264619
,,,,,,,,41.89387914,-87.63264619
,,,,,,,,41.89387914,-87.6327354
,,,,,,,,41.89390075,-87.6327354
,,,,,,,,41.89390075,-87.63294227
,,,,,,,,41.89417522,-87.63294227
,,,,,,,,41.89417522,-87.63264619
,,,,,,,,41.8944713,-87.63264619
,,,,,,,endGeometryPoint,41.8944713,-87.63243932
,,,,4333,Hit Fixed Object,Medium,begin,41.87850464,-87.63373972
,,,,,,,geometryPointList,41.87830127,-87.63373972
,,,,,,,,41.87830127,-87.63362364
,,,,,,,,41.87820857,-87.63362364
,,,,,,,,41.87820857,-87.63344364
,,,,,,,,41.87800519,-87.63344364
,,,,,,,,41.87800519,-87.63373972
,,,,,,,,41.87770911,-87.63373972
,,,,,,,,41.87770911,-87.63391972
,,,,,,,,41.87791249,-87.63391972
,,,,,,,,41.87791249,-87.63403579
,,,,,,,,41.87800519,-87.63403579
,,,,,,,,41.87800519,-87.63421579
,,,,,,,,41.87820857,-87.63421579
,,,,,,,,41.87820857,-87.63391972
,,,,,,,,41.87850464,-87.63391972
,,,,,,,endGeometryPoint,41.87850464,-87.63373972
,,,,4334,Hit Fixed Object,Low,begin,41.87968896,-87.63522011
,,,,,,,geometryPointList,41.87948558,-87.63522011
,,,,,,,,41.87948558,-87.63510403
,,,,,,,,41.87939288,-87.63510403
,,,,,,,,41.87939288,-87.63492403
,,,,,,,,41.8791895,-87.63492403
,,,,,,,,41.8791895,-87.63522011
,,,,,,,,41.87889342,-87.63522011
,,,,,,,,41.87889342,-87.63540011
,,,,,,,,41.8790968,-87.63540011
,,,,,,,,41.8790968,-87.63551619
,,,,,,,,41.8791895,-87.63551619
,,,,,,,,41.8791895,-87.63569619
,,,,,,,,41.87939288,-87.63569619
,,,,,,,,41.87939288,-87.63540011
,,,,,,,,41.87968896,-87.63540011
,,,,,,,endGeometryPoint,41.87968896,-87.63522011
,,,,4342,Hit Fixed Object,Low,begin,41.88333461,-87.62781814
,,,,,,,geometryPointList,41.88303853,-87.62781814
,,,,,,,,41.88303853,-87.62752206
,,,,,,,,41.88274245,-87.62752206
,,,,,,,,41.88274245,-87.62781814
,,,,,,,,41.88244637,-87.62781814
,,,,,,,,41.88244637,-87.62799814
,,,,,,,,41.88264975,-87.62799814
,,,,,,,,41.88264975,-87.62811421
,,,,,,,,41.88274245,-87.62811421
,,,,,,,,41.88274245,-87.62829421
,,,,,,,,41.88294583,-87.62829421
,,,,,,,,41.88303853,-87.62829421
,,,,,,,,41.88303853,-87.62811421
,,,,,,,,41.88324191,-87.62811421
,,,,,,,,41.88324191,-87.62799814
,,,,,,,,41.88333461,-87.62799814
,,,,,,,endGeometryPoint,41.88333461,-87.62781814
,,,,4344,Hit Fixed Object,Medium,begin,41.88540716,-87.6396613
,,,,,,,geometryPointList,41.88511108,-87.6396613
,,,,,,,,41.88511108,-87.63954522
,,,,,,,,41.88501838,-87.63954522
,,,,,,,,41.884815,-87.63954522
,,,,,,,,41.884815,-87.6396613
,,,,,,,,41.8847223,-87.6396613
,,,,,,,,41.8847223,-87.6398413
,,,,,,,,41.88501838,-87.6398413
,,,,,,,,41.88531446,-87.6398413
,,,,,,,,41.88540716,-87.6398413
,,,,,,,endGeometryPoint,41.88540716,-87.6396613
,,,,4349,Hit Fixed Object,Medium,begin,41.89369737,-87.63699658
,,,,,,,geometryPointList,41.8934013,-87.63699658
,,,,,,,,41.8934013,-87.63688051
,,,,,,,,41.89330859,-87.63688051
,,,,,,,,41.89330859,-87.63670051
,,,,,,,,41.89310522,-87.63670051
,,,,,,,,41.89310522,-87.63699658
,,,,,,,,41.89280914,-87.63699658
,,,,,,,,41.89280914,-87.63717658
,,,,,,,,41.89301252,-87.63717658
,,,,,,,,41.89301252,-87.63729266
,,,,,,,,41.89310522,-87.63729266
,,,,,,,,41.89310522,-87.63747266
,,,,,,,,41.89330859,-87.63747266
,,,,,,,,41.89330859,-87.63717658
,,,,,,,,41.89360467,-87.63717658
,,,,,,,,41.89369737,-87.63717658
,,,,,,,endGeometryPoint,41.89369737,-87.63699658
,,,,4350,Hit Fixed Object,Low,begin,41.89597331,-87.63403579
,,,,,,,geometryPointList,41.89576993,-87.63403579
,,,,,,,,41.89576993,-87.63391972
,,,,,,,,41.89567723,-87.63391972
,,,,,,,,41.89567723,-87.63373972
,,,,,,,,41.89547385,-87.63373972
,,,,,,,,41.89547385,-87.63403579
,,,,,,,,41.89517777,-87.63403579
,,,,,,,,41.89517777,-87.63421579
,,,,,,,,41.89538115,-87.63421579
,,,,,,,,41.89538115,-87.63433187
,,,,,,,,41.89547385,-87.63433187
,,,,,,,,41.89547385,-87.63451187
,,,,,,,,41.89567723,-87.63451187
,,,,,,,,41.89567723,-87.63421579
,,,,,,,,41.89597331,-87.63421579
,,,,,,,endGeometryPoint,41.89597331,-87.63403579
,,,,3691,Intersection,Medium,begin,41.88116936,-87.63066285
,,,,,,,geometryPointList,41.88087328,-87.63066285
,,,,,,,,41.88087328,-87.63036677
,,,,,,,,41.8806699,-87.63036677
,,,,,,,,41.8806699,-87.63063285
,,,,,,,,41.8805772,-87.63063285
,,,,,,,,41.8805772,-87.63066285
,,,,,,,,41.88037382,-87.63066285
,,,,,,,,41.88037382,-87.63092893
,,,,,,,,41.8806699,-87.63092893
,,,,,,,,41.8806699,-87.631225
,,,,,,,,41.88087328,-87.631225
,,,,,,,,41.88087328,-87.63095893
,,,,,,,,41.88096598,-87.63095893
,,,,,,,,41.88096598,-87.63092893
,,,,,,,,41.88116936,-87.63092893
,,,,,,,endGeometryPoint,41.88116936,-87.63066285
,,,,4148,Parked,Low,begin,41.88353799,-87.63362364
,,,,,,,geometryPointList,41.88347461,-87.63362364
,,,,,,,,41.88347461,-87.63332756
,,,,,,,,41.88324191,-87.63332756
,,,,,,,,41.88324191,-87.63362364
,,,,,,,,41.88317853,-87.63362364
,,,,,,,,41.88294583,-87.63362364
,,,,,,,,41.88294583,-87.63391972
,,,,,,,,41.88317853,-87.63391972
,,,,,,,,41.88324191,-87.63391972
,,,,,,,,41.88324191,-87.63421579
,,,,,,,,41.88347461,-87.63421579
,,,,,,,,41.88347461,-87.63391972
,,,,,,,,41.88353799,-87.63391972
,,,,,,,,41.88377069,-87.63391972
,,,,,,,,41.88377069,-87.63362364
,,,,,,,endGeometryPoint,41.88353799,-87.63362364
,,,,4153,Parked,Low,begin,41.88590662,-87.64250601
,,,,,,,geometryPointList,41.88584324,-87.64250601
,,,,,,,,41.88584324,-87.64220993
,,,,,,,,41.88561054,-87.64220993
,,,,,,,,41.88561054,-87.64250601
,,,,,,,,41.88554716,-87.64250601
,,,,,,,,41.88531446,-87.64250601
,,,,,,,,41.88531446,-87.64280209
,,,,,,,,41.88554716,-87.64280209
,,,,,,,,41.88561054,-87.64280209
,,,,,,,,41.88561054,-87.64309816
,,,,,,,,41.88584324,-87.64309816
,,,,,,,,41.88584324,-87.64280209
,,,,,,,,41.88590662,-87.64280209
,,,,,,,,41.88613932,-87.64280209
,,,,,,,,41.88613932,-87.64250601
,,,,,,,endGeometryPoint,41.88590662,-87.64250601
,,,,4154,Parked,Low,begin,41.88590662,-87.63243932
,,,,,,,geometryPointList,41.88584324,-87.63243932
,,,,,,,,41.88584324,-87.63214324
,,,,,,,,41.88561054,-87.63214324
,,,,,,,,41.88561054,-87.63243932
,,,,,,,,41.88554716,-87.63243932
,,,,,,,,41.88531446,-87.63243932
,,,,,,,,41.88531446,-87.6327354
,,,,,,,,41.88554716,-87.6327354
,,,,,,,,41.88561054,-87.6327354
,,,,,,,,41.88561054,-87.63303148
,,,,,,,,41.88584324,-87.63303148
,,,,,,,,41.88584324,-87.6327354
,,,,,,,,41.88590662,-87.6327354
,,,,,,,,41.88613932,-87.6327354
,,,,,,,,41.88613932,-87.63243932
,,,,,,,endGeometryPoint,41.88590662,-87.63243932
,,,,4155,Parked,Low,begin,41.88590662,-87.62947853
,,,,,,,geometryPointList,41.88584324,-87.62947853
,,,,,,,,41.88584324,-87.62918245
,,,,,,,,41.88561054,-87.62918245
,,,,,,,,41.88561054,-87.62947853
,,,,,,,,41.88554716,-87.62947853
,,,,,,,,41.88531446,-87.62947853
,,,,,,,,41.88531446,-87.62977461
,,,,,,,,41.88561054,-87.62977461
,,,,,,,,41.88590662,-87.62977461
,,,,,,,,41.88613932,-87.62977461
,,,,,,,,41.88613932,-87.62947853
,,,,,,,endGeometryPoint,41.88590662,-87.62947853
,,,,4158,Parked,Low,begin,41.88702756,-87.62770206
,,,,,,,geometryPointList,41.88679486,-87.62770206
,,,,,,,,41.88679486,-87.62740598
,,,,,,,,41.88673148,-87.62740598
,,,,,,,,41.88673148,-87.62770206
,,,,,,,,41.88649878,-87.62770206
,,,,,,,,41.8864354,-87.62770206
,,,,,,,,41.8864354,-87.62799814
,,,,,,,,41.88649878,-87.62799814
,,,,,,,,41.88673148,-87.62799814
,,,,,,,,41.88673148,-87.62829421
,,,,,,,,41.88679486,-87.62829421
,,,,,,,,41.88679486,-87.62799814
,,,,,,,,41.88702756,-87.62799814
,,,,,,,,41.88709094,-87.62799814
,,,,,,,,41.88709094,-87.62770206
,,,,,,,endGeometryPoint,41.88702756,-87.62770206
,,,,4164,Parked,Low,begin,41.8903478,-87.62947853
,,,,,,,geometryPointList,41.89028443,-87.62947853
,,,,,,,,41.89028443,-87.62918245
,,,,,,,,41.89005173,-87.62918245
,,,,,,,,41.89005173,-87.62947853
,,,,,,,,41.88998835,-87.62947853
,,,,,,,,41.88975565,-87.62947853
,,,,,,,,41.88975565,-87.62977461
,,,,,,,,41.88998835,-87.62977461
,,,,,,,,41.89005173,-87.62977461
,,,,,,,,41.89005173,-87.63007069
,,,,,,,,41.89028443,-87.63007069
,,,,,,,,41.89028443,-87.62977461
,,,,,,,,41.8903478,-87.62977461
,,,,,,,,41.89058051,-87.62977461
,,,,,,,,41.89064388,-87.62977461
,,,,,,,,41.89087658,-87.62977461
,,,,,,,,41.89117266,-87.62977461
,,,,,,,,41.89117266,-87.62947853
,,,,,,,,41.89087658,-87.62947853
,,,,,,,,41.89064388,-87.62947853
,,,,,,,,41.89058051,-87.62947853
,,,,,,,endGeometryPoint,41.8903478,-87.62947853
,,,,4166,Parked,Medium,begin,41.89271644,-87.62799814
,,,,,,,geometryPointList,41.89265306,-87.62799814
,,,,,,,,41.89265306,-87.62770206
,,,,,,,,41.89242036,-87.62770206
,,,,,,,,41.89242036,-87.62799814
,,,,,,,,41.89235698,-87.62799814
,,,,,,,,41.89212428,-87.62799814
,,,,,,,,41.89212428,-87.62829421
,,,,,,,,41.89235698,-87.62829421
,,,,,,,,41.89242036,-87.62829422
,,,,,,,,41.89242036,-87.62859029
,,,,,,,,41.89265306,-87.62859029
,,,,,,,,41.89265306,-87.62829421
,,,,,,,,41.89271644,-87.62829421
,,,,,,,,41.89294914,-87.62829421
,,,,,,,,41.89294914,-87.62799814
,,,,,,,endGeometryPoint,41.89271644,-87.62799814
,,,,4169,Parked,Low,begin,41.8935413,-87.63095893
,,,,,,,geometryPointList,41.89330859,-87.63095893
,,,,,,,,41.89324522,-87.63095893
,,,,,,,,41.89324522,-87.631255
,,,,,,,,41.8935413,-87.631255
,,,,,,,,41.8935413,-87.63155108
,,,,,,,,41.89360467,-87.63155108
,,,,,,,,41.89360467,-87.63125501
,,,,,,,,41.89383737,-87.631255
,,,,,,,,41.89390075,-87.631255
,,,,,,,,41.89413345,-87.631255
,,,,,,,,41.89413345,-87.63095893
,,,,,,,,41.89390075,-87.63095893
,,,,,,,,41.89383737,-87.63095893
,,,,,,,,41.89360467,-87.63095893
,,,,,,,endGeometryPoint,41.8935413,-87.63095893
,,,,4178,Parked,Low,begin,41.89590993,-87.63243932
,,,,,,,geometryPointList,41.89567723,-87.63243932
,,,,,,,,41.89567723,-87.63214324
,,,,,,,,41.89561385,-87.63214324
,,,,,,,,41.89561385,-87.63243932
,,,,,,,,41.89538115,-87.63243932
,,,,,,,,41.89531777,-87.63243932
,,,,,,,,41.89531777,-87.6327354
,,,,,,,,41.89538115,-87.6327354
,,,,,,,,41.89561385,-87.6327354
,,,,,,,,41.89561385,-87.63303148
,,,,,,,,41.89567723,-87.63303148
,,,,,,,,41.89567723,-87.6327354
,,,,,,,,41.89590993,-87.6327354
,,,,,,,,41.89597331,-87.6327354
,,,,,,,,41.89597331,-87.63243932
,,,,,,,endGeometryPoint,41.89590993,-87.63243932
,,,,4182,Parked,High,begin,41.89679816,-87.63717658
,,,,,,,geometryPointList,41.89656546,-87.63717659
,,,,,,,,41.89656546,-87.63688051
,,,,,,,,41.89650209,-87.63688051
,,,,,,,,41.89650209,-87.63717658
,,,,,,,,41.89626938,-87.63717658
,,,,,,,,41.89620601,-87.63717658
,,,,,,,,41.89620601,-87.63747266
,,,,,,,,41.89626938,-87.63747266
,,,,,,,,41.89650209,-87.63747266
,,,,,,,,41.89650209,-87.63776874
,,,,,,,,41.89656546,-87.63776874
,,,,,,,,41.89656546,-87.63747266
,,,,,,,,41.89679816,-87.63747266
,,,,,,,,41.89686154,-87.63747266
,,,,,,,,41.89686154,-87.63717658
,,,,,,,endGeometryPoint,41.89679816,-87.63717658
,,,,2721,Rear End,Medium,begin,41.8785044,-87.63954522
,,,,,,,geometryPointList,41.87820857,-87.63954522
,,,,,,,,41.87820857,-87.63929169
,,,,,,,,41.87820832,-87.63929169
,,,,,,,,41.87820832,-87.63924914
,,,,,,,,41.87791249,-87.63924914
,,,,,,,,41.87791249,-87.63954522
,,,,,,,,41.87761641,-87.63954522
,,,,,,,,41.87761641,-87.63958777
,,,,,,,,41.87791224,-87.63958777
,,,,,,,,41.87791224,-87.6398413
,,,,,,,,41.87791249,-87.6398413
,,,,,,,,41.87791249,-87.63988385
,,,,,,,,41.87820832,-87.63988385
,,,,,,,,41.87820832,-87.63958777
,,,,,,,,41.8785044,-87.63958777
,,,,,,,endGeometryPoint,41.8785044,-87.63954522
,,,,2727,Rear End,Low,begin,41.87968871,-87.63958777
,,,,,,,geometryPointList,41.87939263,-87.63958777
,,,,,,,,41.87939263,-87.63929169
,,,,,,,,41.8790968,-87.63929169
,,,,,,,,41.8790968,-87.63954522
,,,,,,,,41.87909655,-87.63954522
,,,,,,,,41.87909655,-87.63958777
,,,,,,,,41.87880072,-87.63958777
,,,,,,,,41.87880072,-87.6398413
,,,,,,,,41.8790968,-87.6398413
,,,,,,,,41.8790968,-87.64013738
,,,,,,,,41.87939263,-87.64013738
,,,,,,,,41.87939263,-87.63988385
,,,,,,,,41.87939288,-87.63988385
,,,,,,,,41.87939288,-87.6398413
,,,,,,,,41.87968871,-87.6398413
,,,,,,,endGeometryPoint,41.87968871,-87.63958777
,,,,2729,Rear End,Low,begin,41.87998479,-87.6336662
,,,,,,,geometryPointList,41.87968871,-87.6336662
,,,,,,,,41.87968871,-87.63337012
,,,,,,,,41.87939288,-87.63337012
,,,,,,,,41.87939288,-87.63362364
,,,,,,,,41.87939263,-87.63362364
,,,,,,,,41.87939263,-87.6336662
,,,,,,,,41.8790968,-87.6336662
,,,,,,,,41.8790968,-87.63391972
,,,,,,,,41.8790968,-87.63396227
,,,,,,,,41.87939263,-87.63396227
,,,,,,,,41.87939263,-87.6342158
,,,,,,,,41.87939288,-87.6342158
,,,,,,,,41.87968871,-87.6342158
,,,,,,,,41.87968871,-87.63396227
,,,,,,,,41.87968896,-87.63396227
,,,,,,,,41.87968896,-87.63391972
,,,,,,,,41.87998479,-87.63391972
,,,,,,,endGeometryPoint,41.87998479,-87.6336662
,,,,2730,Rear End,Low,begin,41.87968896,-87.63040933
,,,,,,,geometryPointList,41.87968871,-87.63040933
,,,,,,,,41.87968871,-87.63036677
,,,,,,,,41.87939288,-87.63036677
,,,,,,,,41.87939288,-87.63095893
,,,,,,,,41.87968871,-87.63095893
,,,,,,,,41.87968871,-87.63070541
,,,,,,,,41.87968896,-87.63070541
,,,,,,,endGeometryPoint,41.87968896,-87.63040933
,,,,2737,Rear End,Low,begin,41.88087303,-87.64402894
,,,,,,,geometryPointList,41.88057695,-87.64402894
,,,,,,,,41.88057695,-87.64373287
,,,,,,,,41.88028112,-87.64373287
,,,,,,,,41.88028112,-87.6439864
,,,,,,,,41.88028087,-87.6439864
,,,,,,,,41.88028087,-87.64402894
,,,,,,,,41.87998504,-87.64402894
,,,,,,,,41.87998504,-87.64428248
,,,,,,,,41.88028112,-87.64428248
,,,,,,,,41.88028112,-87.64457856
,,,,,,,,41.88057695,-87.64457856
,,,,,,,,41.88057695,-87.64432502
,,,,,,,,41.8805772,-87.64432502
,,,,,,,,41.8805772,-87.64428248
,,,,,,,,41.88087303,-87.64428248
,,,,,,,endGeometryPoint,41.88087303,-87.64402894
,,,,2755,Rear End,Low,begin,41.88235342,-87.63958777
,,,,,,,geometryPointList,41.88205734,-87.63958777
,,,,,,,,41.88205734,-87.63929169
,,,,,,,,41.88176151,-87.63929169
,,,,,,,,41.88176151,-87.63954522
,,,,,,,,41.88176126,-87.63954522
,,,,,,,,41.88176126,-87.63958777
,,,,,,,,41.88146543,-87.63958777
,,,,,,,,41.88146543,-87.6398413
,,,,,,,,41.88176151,-87.6398413
,,,,,,,,41.88176151,-87.64013738
,,,,,,,,41.88205734,-87.64013738
,,,,,,,,41.88205734,-87.63988385
,,,,,,,,41.88205759,-87.63988385
,,,,,,,,41.88205759,-87.6398413
,,,,,,,,41.88235342,-87.6398413
,,,,,,,endGeometryPoint,41.88235342,-87.63958777
,,,,2756,Rear End,Low,begin,41.88235342,-87.6321858
,,,,,,,geometryPointList,41.88205734,-87.6321858
,,,,,,,,41.88205734,-87.63188972
,,,,,,,,41.88176151,-87.63188972
,,,,,,,,41.88176151,-87.63214324
,,,,,,,,41.88176126,-87.63214324
,,,,,,,,41.88176126,-87.6321858
,,,,,,,,41.88146543,-87.6321858
,,,,,,,,41.88146543,-87.63243932
,,,,,,,,41.88176151,-87.63243932
,,,,,,,,41.88176151,-87.6327354
,,,,,,,,41.88205734,-87.6327354
,,,,,,,,41.88205734,-87.63248188
,,,,,,,,41.88205759,-87.63248188
,,,,,,,,41.88205759,-87.63243932
,,,,,,,,41.88235342,-87.63243932
,,,,,,,endGeometryPoint,41.88235342,-87.6321858
,,,,2757,Rear End,Medium,begin,41.88235342,-87.63040933
,,,,,,,geometryPointList,41.88205734,-87.63040933
,,,,,,,,41.88205734,-87.63011325
,,,,,,,,41.88176151,-87.63011325
,,,,,,,,41.88176151,-87.63036677
,,,,,,,,41.88176126,-87.63036677
,,,,,,,,41.88176126,-87.63040933
,,,,,,,,41.88146543,-87.63040933
,,,,,,,,41.88146543,-87.63066285
,,,,,,,,41.88146543,-87.63095893
,,,,,,,,41.88176151,-87.63095893
,,,,,,,,41.88176151,-87.63125501
,,,,,,,,41.88205734,-87.63125501
,,,,,,,,41.88205734,-87.63100149
,,,,,,,,41.88205759,-87.63100149
,,,,,,,,41.88205759,-87.63095893
,,,,,,,,41.88235342,-87.63095893
,,,,,,,,41.88235342,-87.63070541
,,,,,,,endGeometryPoint,41.88235342,-87.63040933
,,,,2766,Rear End,Medium,begin,41.88353773,-87.64254855
,,,,,,,geometryPointList,41.88324165,-87.64254855
,,,,,,,,41.88324165,-87.64225247
,,,,,,,,41.88294583,-87.64225247
,,,,,,,,41.88294583,-87.64250601
,,,,,,,,41.88294558,-87.64250601
,,,,,,,,41.88294558,-87.64254855
,,,,,,,,41.88264975,-87.64254855
,,,,,,,,41.88264975,-87.64280209
,,,,,,,,41.88294583,-87.64280209
,,,,,,,,41.88294583,-87.64309817
,,,,,,,,41.88324165,-87.64309817
,,,,,,,,41.88324165,-87.64284463
,,,,,,,,41.88324191,-87.64284463
,,,,,,,,41.88324191,-87.64280209
,,,,,,,,41.88353773,-87.64280209
,,,,,,,endGeometryPoint,41.88353773,-87.64254855
,,,,2767,Rear End,Low,begin,41.88353773,-87.63958777
,,,,,,,geometryPointList,41.88324165,-87.63958777
,,,,,,,,41.88324165,-87.63929169
,,,,,,,,41.88294583,-87.63929169
,,,,,,,,41.88294583,-87.63954522
,,,,,,,,41.88294558,-87.63954522
,,,,,,,,41.88294558,-87.63958777
,,,,,,,,41.88264975,-87.63958777
,,,,,,,,41.88264975,-87.6398413
,,,,,,,,41.88294583,-87.6398413
,,,,,,,,41.88294583,-87.64013738
,,,,,,,,41.88324165,-87.64013738
,,,,,,,,41.88324165,-87.63988385
,,,,,,,,41.88324191,-87.63988385
,,,,,,,,41.88324191,-87.6398413
,,,,,,,,41.88353773,-87.6398413
,,,,,,,endGeometryPoint,41.88353773,-87.63958777
,,,,2789,Rear End,Low,begin,41.88620244,-87.63243932
,,,,,,,geometryPointList,41.88590662,-87.63243932
,,,,,,,,41.88590662,-87.6321858
,,,,,,,,41.88590636,-87.6321858
,,,,,,,,41.88590636,-87.63214324
,,,,,,,,41.88561054,-87.63214324
,,,,,,,,41.88561054,-87.63243932
,,,,,,,,41.88531446,-87.63243932
,,,,,,,,41.88531446,-87.63248188
,,,,,,,,41.88561028,-87.63248188
,,,,,,,,41.88561028,-87.6327354
,,,,,,,,41.88561054,-87.6327354
,,,,,,,,41.88561054,-87.63277796
,,,,,,,,41.88590636,-87.63277796
,,,,,,,,41.88590636,-87.63248188
,,,,,,,,41.88620244,-87.63248188
,,,,,,,endGeometryPoint,41.88620244,-87.63243932
,,,,2768,Rear End,Medium,begin,41.88353773,-87.62774462
,,,,,,,geometryPointList,41.88324165,-87.62774462
,,,,,,,,41.88324165,-87.62744855
,,,,,,,,41.88264975,-87.62744855
,,,,,,,,41.88264975,-87.62770206
,,,,,,,,41.8826495,-87.62770206
,,,,,,,,41.8826495,-87.62774462
,,,,,,,,41.88235342,-87.62774462
,,,,,,,,41.88235342,-87.62744855
,,,,,,,,41.88205759,-87.62744855
,,,,,,,,41.88205759,-87.62770206
,,,,,,,,41.88205734,-87.62770206
,,,,,,,,41.88205734,-87.62774462
,,,,,,,,41.88176151,-87.62774462
,,,,,,,,41.88176151,-87.62799814
,,,,,,,,41.88205759,-87.62799814
,,,,,,,,41.88205759,-87.62829422
,,,,,,,,41.88235342,-87.62829422
,,,,,,,,41.88235342,-87.6280407
,,,,,,,,41.88235367,-87.6280407
,,,,,,,,41.88235367,-87.62799814
,,,,,,,,41.88264975,-87.62799814
,,,,,,,,41.88264975,-87.62829422
,,,,,,,,41.88294583,-87.62829422
,,,,,,,,41.88324165,-87.62829422
,,,,,,,,41.88324165,-87.6280407
,,,,,,,,41.88324191,-87.6280407
,,,,,,,,41.88324191,-87.62799814
,,,,,,,,41.88353773,-87.62799814
,,,,,,,endGeometryPoint,41.88353773,-87.62774462
,,,,2770,Rear End,Low,begin,41.88324191,-87.6342158
,,,,,,,geometryPointList,41.88353773,-87.6342158
,,,,,,,,41.88353773,-87.63396227
,,,,,,,,41.88353799,-87.63396227
,,,,,,,,41.88353799,-87.63391972
,,,,,,,,41.88383381,-87.63391972
,,,,,,,,41.88383381,-87.6336662
,,,,,,,,41.88353773,-87.6336662
,,,,,,,,41.88353773,-87.63337012
,,,,,,,,41.88324191,-87.63337012
,,,,,,,,41.88324191,-87.63362364
,,,,,,,,41.88324165,-87.63362364
,,,,,,,,41.88324165,-87.6336662
,,,,,,,,41.88294583,-87.6336662
,,,,,,,,41.88294583,-87.63391972
,,,,,,,,41.88324191,-87.63391972
,,,,,,,,41.88324191,-87.6342158
,,,,,,,,41.88324191,-87.63425835
,,,,,,,,41.88324191,-87.6342158
,,,,,,,,41.88324165,-87.6342158
,,,,,,,,41.88324165,-87.63425835
,,,,,,,endGeometryPoint,41.88324191,-87.63425835
,,,,2777,Rear End,Medium,begin,41.88501813,-87.63692306
,,,,,,,geometryPointList,41.88472205,-87.63692306
,,,,,,,,41.88472205,-87.63662698
,,,,,,,,41.88442622,-87.63662698
,,,,,,,,41.88442622,-87.63688051
,,,,,,,,41.88442597,-87.63688051
,,,,,,,,41.88442597,-87.63692306
,,,,,,,,41.88413015,-87.63692306
,,,,,,,,41.88413015,-87.63717659
,,,,,,,,41.88442622,-87.63717659
,,,,,,,,41.88442622,-87.63747266
,,,,,,,,41.88472205,-87.63747266
,,,,,,,,41.88472205,-87.63721914
,,,,,,,,41.8847223,-87.63721914
,,,,,,,,41.8847223,-87.63717659
,,,,,,,,41.88501813,-87.63717659
,,,,,,,endGeometryPoint,41.88501813,-87.63692306
,,,,2785,Rear End,Medium,begin,41.88620244,-87.64728581
,,,,,,,geometryPointList,41.88590636,-87.64728581
,,,,,,,,41.88590636,-87.64698973
,,,,,,,,41.88561054,-87.64698973
,,,,,,,,41.88561054,-87.64724327
,,,,,,,,41.88561028,-87.64724327
,,,,,,,,41.88561028,-87.64728581
,,,,,,,,41.88531446,-87.64728581
,,,,,,,,41.88531446,-87.64753935
,,,,,,,,41.88561054,-87.64753935
,,,,,,,,41.88561054,-87.64783543
,,,,,,,,41.88590636,-87.64783543
,,,,,,,,41.88590636,-87.64758189
,,,,,,,,41.88590662,-87.64758189
,,,,,,,,41.88590662,-87.64753935
,,,,,,,,41.88620244,-87.64753935
,,,,,,,endGeometryPoint,41.88620244,-87.64728581
,,,,2786,Rear End,Medium,begin,41.88620244,-87.64402894
,,,,,,,geometryPointList,41.88590636,-87.64402894
,,,,,,,,41.88590636,-87.64373287
,,,,,,,,41.88561054,-87.64373287
,,,,,,,,41.88561054,-87.6439864
,,,,,,,,41.88561028,-87.6439864
,,,,,,,,41.88561028,-87.64402894
,,,,,,,,41.88531446,-87.64402894
,,,,,,,,41.88531446,-87.64428248
,,,,,,,,41.88561054,-87.64428248
,,,,,,,,41.88561054,-87.64457856
,,,,,,,,41.88590636,-87.64457856
,,,,,,,,41.88590636,-87.64432502
,,,,,,,,41.88590662,-87.64432502
,,,,,,,,41.88590662,-87.64428248
,,,,,,,,41.88620244,-87.64428248
,,,,,,,endGeometryPoint,41.88620244,-87.64402894
,,,,2787,Rear End,Low,begin,41.88620244,-87.64254855
,,,,,,,geometryPointList,41.88590636,-87.64254855
,,,,,,,,41.88590636,-87.64225247
,,,,,,,,41.88561054,-87.64225247
,,,,,,,,41.88561054,-87.64250601
,,,,,,,,41.88561028,-87.64250601
,,,,,,,,41.88561028,-87.64254855
,,,,,,,,41.88531446,-87.64254855
,,,,,,,,41.88531446,-87.64280209
,,,,,,,,41.88561054,-87.64280209
,,,,,,,,41.88561054,-87.64309817
,,,,,,,,41.88590636,-87.64309817
,,,,,,,,41.88590636,-87.64284463
,,,,,,,,41.88590662,-87.64284463
,,,,,,,,41.88590662,-87.64280209
,,,,,,,,41.88620244,-87.64280209
,,,,,,,endGeometryPoint,41.88620244,-87.64254855
,,,,2788,Rear End,Low,begin,41.88620244,-87.63692306
,,,,,,,geometryPointList,41.88590636,-87.63692306
,,,,,,,,41.88590636,-87.63662698
,,,,,,,,41.88561054,-87.63662698
,,,,,,,,41.88561054,-87.63688051
,,,,,,,,41.88561028,-87.63688051
,,,,,,,,41.88561028,-87.63692306
,,,,,,,,41.88531446,-87.63692306
,,,,,,,,41.88531446,-87.63717659
,,,,,,,,41.88561054,-87.63717659
,,,,,,,,41.88561054,-87.63747266
,,,,,,,,41.88590636,-87.63747266
,,,,,,,,41.88590636,-87.63721914
,,,,,,,,41.88590662,-87.63721914
,,,,,,,,41.88590662,-87.63717659
,,,,,,,,41.88620244,-87.63717659
,,,,,,,endGeometryPoint,41.88620244,-87.63692306
,,,,2800,Rear End,Low,begin,41.88738675,-87.63514659
,,,,,,,geometryPointList,41.88709068,-87.63514659
,,,,,,,,41.88709068,-87.63485051
,,,,,,,,41.88709068,-87.63455443
,,,,,,,,41.8867946,-87.63455443
,,,,,,,,41.8867946,-87.63425835
,,,,,,,,41.88649878,-87.63425835
,,,,,,,,41.88649878,-87.63451187
,,,,,,,,41.88649852,-87.63451187
,,,,,,,,41.88649852,-87.63455443
,,,,,,,,41.8862027,-87.63455443
,,,,,,,,41.8862027,-87.63480795
,,,,,,,,41.88649878,-87.63480795
,,,,,,,,41.88649878,-87.63510403
,,,,,,,,41.88649878,-87.63540011
,,,,,,,,41.88679486,-87.63540011
,,,,,,,,41.88679486,-87.63569619
,,,,,,,,41.88709068,-87.63569619
,,,,,,,,41.88709068,-87.63544267
,,,,,,,,41.88709094,-87.63544267
,,,,,,,,41.88709094,-87.63540011
,,,,,,,,41.88738675,-87.63540011
,,,,,,,endGeometryPoint,41.88738675,-87.63514659
,,,,2801,Rear End,High,begin,41.88738675,-87.63243932
,,,,,,,geometryPointList,41.88709094,-87.63243932
,,,,,,,,41.88709094,-87.6321858
,,,,,,,,41.88709068,-87.6321858
,,,,,,,,41.88709068,-87.63214324
,,,,,,,,41.88679486,-87.63214324
,,,,,,,,41.88679486,-87.63243932
,,,,,,,,41.88649878,-87.63243932
,,,,,,,,41.88649878,-87.63248188
,,,,,,,,41.8867946,-87.63248188
,,,,,,,,41.8867946,-87.6327354
,,,,,,,,41.88679486,-87.6327354
,,,,,,,,41.88679486,-87.63277796
,,,,,,,,41.88709068,-87.63277796
,,,,,,,,41.88709068,-87.63248188
,,,,,,,,41.88738675,-87.63248188
,,,,,,,endGeometryPoint,41.88738675,-87.63243932
,,,,2822,Rear End,Medium,begin,41.8936044,-87.6295211
,,,,,,,geometryPointList,41.89330832,-87.6295211
,,,,,,,,41.89330832,-87.62922502
,,,,,,,,41.89301252,-87.62922502
,,,,,,,,41.89301252,-87.62947853
,,,,,,,,41.89301225,-87.62947853
,,,,,,,,41.89301225,-87.6295211
,,,,,,,,41.89271617,-87.6295211
,,,,,,,,41.89271617,-87.62981717
,,,,,,,,41.89271644,-87.62981717
,,,,,,,,41.89271644,-87.62977461
,,,,,,,,41.89301252,-87.62977461
,,,,,,,,41.89301252,-87.63007069
,,,,,,,,41.89330832,-87.63007069
,,,,,,,,41.89330832,-87.62981717
,,,,,,,,41.89330859,-87.62981717
,,,,,,,,41.89330859,-87.62977461
,,,,,,,,41.8936044,-87.62977461
,,,,,,,endGeometryPoint,41.8936044,-87.6295211
,,,,2812,Rear End,Low,begin,41.89034754,-87.63248188
,,,,,,,geometryPointList,41.89005146,-87.63248188
,,,,,,,,41.89005146,-87.6321858
,,,,,,,,41.88975565,-87.6321858
,,,,,,,,41.88975565,-87.63243932
,,,,,,,,41.88975538,-87.63243932
,,,,,,,,41.88975538,-87.63248188
,,,,,,,,41.8894593,-87.63248188
,,,,,,,,41.8894593,-87.63243932
,,,,,,,,41.88916323,-87.63243932
,,,,,,,,41.88916323,-87.63248188
,,,,,,,,41.88886741,-87.63248188
,,,,,,,,41.88886741,-87.6327354
,,,,,,,,41.88945957,-87.6327354
,,,,,,,,41.88975565,-87.6327354
,,,,,,,,41.88975565,-87.63303148
,,,,,,,,41.89005146,-87.63303148
,,,,,,,,41.89005146,-87.63277796
,,,,,,,,41.89005173,-87.63277796
,,,,,,,,41.89005173,-87.6327354
,,,,,,,,41.89034754,-87.6327354
,,,,,,,endGeometryPoint,41.89034754,-87.63248188
,,,,2813,Rear End,Low,begin,41.89034754,-87.6295211
,,,,,,,geometryPointList,41.89005146,-87.6295211
,,,,,,,,41.89005146,-87.62977461
,,,,,,,,41.89005173,-87.62977461
,,,,,,,,41.89005173,-87.62981717
,,,,,,,,41.89034754,-87.62981717
,,,,,,,,41.8903478,-87.62981717
,,,,,,,,41.8903478,-87.62977461
,,,,,,,,41.89064388,-87.62977461
,,,,,,,,41.8909397,-87.62977461
,,,,,,,,41.8909397,-87.6295211
,,,,,,,,41.89064362,-87.6295211
,,,,,,,endGeometryPoint,41.89034754,-87.6295211
,,,,2815,Rear End,Low,begin,41.89212428,-87.63540011
,,,,,,,geometryPointList,41.89212401,-87.63540011
,,,,,,,,41.89212401,-87.63569619
,,,,,,,,41.89212428,-87.63569619
,,,,,,,,41.89212428,-87.63573875
,,,,,,,,41.89242009,-87.63573875
,,,,,,,,41.89242009,-87.63514659
,,,,,,,,41.89212428,-87.63514659
,,,,,,,endGeometryPoint,41.89212428,-87.63540011
,,,,2820,Rear End,Low,begin,41.8936044,-87.63544267
,,,,,,,geometryPointList,41.89330832,-87.63544267
,,,,,,,,41.89330832,-87.63514659
,,,,,,,,41.89301252,-87.63514659
,,,,,,,,41.89301252,-87.63540011
,,,,,,,,41.89301225,-87.63540011
,,,,,,,,41.89301225,-87.63544267
,,,,,,,,41.89271617,-87.63544267
,,,,,,,,41.89271617,-87.63569619
,,,,,,,,41.89271644,-87.63569619
,,,,,,,,41.89301252,-87.63569619
,,,,,,,,41.89301252,-87.63599227
,,,,,,,,41.89330832,-87.63599227
,,,,,,,,41.89330832,-87.63573875
,,,,,,,,41.89330859,-87.63573875
,,,,,,,,41.89330859,-87.63569619
,,,,,,,,41.8936044,-87.63569619
,,,,,,,endGeometryPoint,41.8936044,-87.63544267
,,,,2821,Rear End,Medium,begin,41.8936044,-87.63100149
,,,,,,,geometryPointList,41.89330832,-87.63100149
,,,,,,,,41.89330832,-87.63070541
,,,,,,,,41.89301252,-87.63070541
,,,,,,,,41.89301252,-87.63095893
,,,,,,,,41.89271644,-87.63095893
,,,,,,,,41.89271644,-87.63070541
,,,,,,,,41.89271617,-87.63070541
,,,,,,,,41.89271617,-87.63066285
,,,,,,,,41.89242036,-87.63066285
,,,,,,,,41.89242036,-87.63125501
,,,,,,,,41.89271644,-87.63125501
,,,,,,,,41.89301252,-87.63125501
,,,,,,,,41.89301252,-87.63155108
,,,,,,,,41.89301252,-87.63184716
,,,,,,,,41.89330832,-87.63184716
,,,,,,,,41.89330832,-87.63159365
,,,,,,,,41.89330859,-87.63159365
,,,,,,,,41.89330859,-87.63155108
,,,,,,,,41.8936044,-87.63155108
,,,,,,,endGeometryPoint,41.8936044,-87.63100149
,,,,2827,Rear End,High,begin,41.89449264,-87.63692306
,,,,,,,geometryPointList,41.89419656,-87.63692306
,,,,,,,,41.89419656,-87.63662698
,,,,,,,,41.89390075,-87.63662698
,,,,,,,,41.89390075,-87.63688051
,,,,,,,,41.89390048,-87.63688051
,,,,,,,,41.89390048,-87.63692306
,,,,,,,,41.8936044,-87.63692306
,,,,,,,,41.89330832,-87.63692306
,,,,,,,,41.89330832,-87.63662698
,,,,,,,,41.89301252,-87.63662698
,,,,,,,,41.89301252,-87.63688051
,,,,,,,,41.89301225,-87.63688051
,,,,,,,,41.89301225,-87.63692306
,,,,,,,,41.89271617,-87.63692306
,,,,,,,,41.89242009,-87.63692306
,,,,,,,,41.89242009,-87.63662698
,,,,,,,,41.89212428,-87.63662698
,,,,,,,,41.89212428,-87.63688051
,,,,,,,,41.89212401,-87.63688051
,,,,,,,,41.89212401,-87.63692306
,,,,,,,,41.8918282,-87.63692306
,,,,,,,,41.8918282,-87.63717659
,,,,,,,,41.89212428,-87.63717659
,,,,,,,,41.89212428,-87.63747266
,,,,,,,,41.89242009,-87.63747266
,,,,,,,,41.89242009,-87.63721914
,,,,,,,,41.89242036,-87.63721914
,,,,,,,,41.89242036,-87.63717659
,,,,,,,,41.89271644,-87.63717659
,,,,,,,,41.89301252,-87.63717659
,,,,,,,,41.89301252,-87.63747266
,,,,,,,,41.89330832,-87.63747266
,,,,,,,,41.89330832,-87.63721914
,,,,,,,,41.89330859,-87.63721914
,,,,,,,,41.89330859,-87.63717659
,,,,,,,,41.89360467,-87.63717659
,,,,,,,,41.89390075,-87.63717659
,,,,,,,,41.89390075,-87.63747266
,,,,,,,,41.89419656,-87.63747266
,,,,,,,,41.89419656,-87.63721914
,,,,,,,,41.89419683,-87.63721914
,,,,,,,,41.89419683,-87.63717659
,,,,,,,,41.89449264,-87.63717659
,,,,,,,endGeometryPoint,41.89449264,-87.63692306
,,,,2828,Rear End,High,begin,41.89449264,-87.63248188
,,,,,,,geometryPointList,41.89419656,-87.63248188
,,,,,,,,41.89419656,-87.6321858
,,,,,,,,41.89390075,-87.6321858
,,,,,,,,41.89390075,-87.63243932
,,,,,,,,41.89390048,-87.63243932
,,,,,,,,41.89390048,-87.63248188
,,,,,,,,41.8936044,-87.63248188
,,,,,,,,41.89330832,-87.63248188
,,,,,,,,41.89330832,-87.6321858
,,,,,,,,41.89301252,-87.6321858
,,,,,,,,41.89301252,-87.63243932
,,,,,,,,41.89301225,-87.63243932
,,,,,,,,41.89301225,-87.63248188
,,,,,,,,41.89271617,-87.63248188
,,,,,,,,41.89271617,-87.6327354
,,,,,,,,41.89271644,-87.6327354
,,,,,,,,41.89301252,-87.6327354
,,,,,,,,41.89301252,-87.63303148
,,,,,,,,41.89330832,-87.63303148
,,,,,,,,41.89330832,-87.63277796
,,,,,,,,41.89330859,-87.63277796
,,,,,,,,41.89330859,-87.6327354
,,,,,,,,41.89360467,-87.6327354
,,,,,,,,41.89390075,-87.6327354
,,,,,,,,41.89390075,-87.63303148
,,,,,,,,41.89419656,-87.63303148
,,,,,,,,41.89419656,-87.63277796
,,,,,,,,41.89419683,-87.63277796
,,,,,,,,41.89419683,-87.6327354
,,,,,,,,41.89449264,-87.6327354
,,,,,,,endGeometryPoint,41.89449264,-87.63248188
,,,,2841,Rear End,Low,begin,41.89597331,-87.63717659
,,,,,,,geometryPointList,41.89597331,-87.63721914
,,,,,,,,41.89626911,-87.63721914
,,,,,,,,41.89626911,-87.63747266
,,,,,,,,41.89626938,-87.63747266
,,,,,,,,41.89626938,-87.63751522
,,,,,,,,41.89656519,-87.63751522
,,,,,,,,41.89656519,-87.63721914
,,,,,,,,41.89686127,-87.63721914
,,,,,,,,41.89686127,-87.63717659
,,,,,,,,41.89656546,-87.63717659
,,,,,,,,41.89656546,-87.63692306
,,,,,,,,41.89656519,-87.63692306
,,,,,,,,41.89656519,-87.63688051
,,,,,,,,41.89626938,-87.63688051
,,,,,,,,41.89626938,-87.63717659
,,,,,,,,41.89597331,-87.63717659
,,,,,,,,41.89597303,-87.63717659
,,,,,,,,41.89597331,-87.63717659
,,,,,,,,41.89597331,-87.63692306
,,,,,,,,41.89597303,-87.63692306
,,,,,,,endGeometryPoint,41.89597303,-87.63717659
,,,,2842,Rear End,Medium,begin,41.89715735,-87.63248188
,,,,,,,geometryPointList,41.89686127,-87.63248188
,,,,,,,,41.89686127,-87.6321858
,,,,,,,,41.89656546,-87.6321858
,,,,,,,,41.89656546,-87.63243932
,,,,,,,,41.89656519,-87.63243932
,,,,,,,,41.89656519,-87.63248188
,,,,,,,,41.89626938,-87.63248188
,,,,,,,,41.89626938,-87.6327354
,,,,,,,,41.89656546,-87.6327354
,,,,,,,,41.89656546,-87.63303148
,,,,,,,,41.89686127,-87.63303148
,,,,,,,,41.89686127,-87.63277796
,,,,,,,,41.89686154,-87.63277796
,,,,,,,,41.89686154,-87.6327354
,,,,,,,,41.89715735,-87.6327354
,,,,,,,endGeometryPoint,41.89715735,-87.63248188
,,,,4483,Lane Change,Low,begin,41.87939288,-87.63214324
,,,,,,,geometryPointList,41.87939288,-87.63243932
,,,,,,,,41.87966735,-87.63243932
,,,,,,,,41.87966735,-87.63235011
,,,,,,,,41.87996342,-87.63235011
,,,,,,,,41.87996342,-87.63214324
,,,,,,,,41.87968896,-87.63214324
,,,,,,,endGeometryPoint,41.87939288,-87.63214324
,,,,4518,Lane Change,Low,begin,41.89419683,-87.63116579
,,,,,,,geometryPointList,41.89417522,-87.63116579
,,,,,,,,41.89417522,-87.63095893
,,,,,,,,41.89390075,-87.63095893
,,,,,,,,41.89387914,-87.63095893
,,,,,,,,41.89387914,-87.63116579
,,,,,,,,41.89358306,-87.63116579
,,,,,,,,41.89358306,-87.63146187
,,,,,,,,41.89360467,-87.63146187
,,,,,,,,41.89360467,-87.63125501
,,,,,,,,41.89390075,-87.63125501
,,,,,,,,41.89419683,-87.63125501
,,,,,,,endGeometryPoint,41.89419683,-87.63116579
,,,,3384,Pedestrian,Low,begin,41.89360467,-87.62952737
,,,,,,,geometryPointList,41.89353658,-87.62952737
,,,,,,,,41.89353658,-87.62947853
,,,,,,,,41.89330859,-87.62947853
,,,,,,,,41.89330859,-87.6292313
,,,,,,,,41.89324051,-87.6292313
,,,,,,,,41.89324051,-87.62952737
,,,,,,,,41.89294443,-87.62952737
,,,,,,,,41.89294443,-87.62977461
,,,,,,,,41.89301252,-87.62977461
,,,,,,,,41.89301252,-87.62982345
,,,,,,,,41.89324051,-87.62982345
,,,,,,,,41.89324051,-87.63007069
,,,,,,,,41.89330859,-87.63007069
,,,,,,,,41.89330859,-87.62977461
,,,,,,,,41.89360467,-87.62977461
,,,,,,,endGeometryPoint,41.89360467,-87.62952737
,,,,1817,Turning,Medium,begin,41.87968896,-87.63510403
,,,,,,,geometryPointList,41.87939288,-87.63510403
,,,,,,,,41.87939288,-87.63480795
,,,,,,,,41.8791895,-87.63480795
,,,,,,,,41.8791895,-87.63501482
,,,,,,,,41.8790968,-87.63501482
,,,,,,,,41.8790968,-87.63510403
,,,,,,,,41.87889342,-87.63510403
,,,,,,,,41.87889342,-87.6353109
,,,,,,,,41.8791895,-87.6353109
,,,,,,,,41.8791895,-87.63560698
,,,,,,,,41.87939288,-87.63560698
,,,,,,,,41.87939288,-87.63540011
,,,,,,,,41.87948558,-87.63540011
,,,,,,,,41.87948558,-87.6353109
,,,,,,,,41.87968896,-87.6353109
,,,,,,,endGeometryPoint,41.87968896,-87.63510403
,,,,1823,Turning,Low,begin,41.8806699,-87.6439864
,,,,,,,geometryPointList,41.8805772,-87.6439864
,,,,,,,,41.8805772,-87.64389719
,,,,,,,,41.88037382,-87.64389719
,,,,,,,,41.88037382,-87.64369032
,,,,,,,,41.88028112,-87.64369032
,,,,,,,,41.88028112,-87.6439864
,,,,,,,,41.87998504,-87.6439864
,,,,,,,,41.87998504,-87.64419327
,,,,,,,,41.88007774,-87.64419327
,,,,,,,,41.88007774,-87.64428248
,,,,,,,,41.88028112,-87.64428248
,,,,,,,,41.88028112,-87.64448935
,,,,,,,,41.88037382,-87.64448935
,,,,,,,,41.88037382,-87.64419327
,,,,,,,,41.8806699,-87.64419327
,,,,,,,endGeometryPoint,41.8806699,-87.6439864
,,,,1834,Turning,Low,begin,41.88235367,-87.63688051
,,,,,,,geometryPointList,41.88205759,-87.63688051
,,,,,,,,41.88205759,-87.63658443
,,,,,,,,41.88185421,-87.63658443
,,,,,,,,41.88185421,-87.6367913
,,,,,,,,41.88176151,-87.6367913
,,,,,,,,41.88176151,-87.63688051
,,,,,,,,41.88155814,-87.63688051
,,,,,,,,41.88155814,-87.63708737
,,,,,,,,41.88185421,-87.63708737
,,,,,,,,41.88185421,-87.63738345
,,,,,,,,41.88205759,-87.63738345
,,,,,,,,41.88205759,-87.63717659
,,,,,,,,41.88215029,-87.63717659
,,,,,,,,41.88215029,-87.63708737
,,,,,,,,41.88235367,-87.63708737
,,,,,,,endGeometryPoint,41.88235367,-87.63688051
,,,,1835,Turning,Low,begin,41.88235367,-87.63362364
,,,,,,,geometryPointList,41.88205759,-87.63362364
,,,,,,,,41.88205759,-87.63332756
,,,,,,,,41.88185421,-87.63332756
,,,,,,,,41.88185421,-87.63353443
,,,,,,,,41.88176151,-87.63353443
,,,,,,,,41.88176151,-87.63362364
,,,,,,,,41.88155814,-87.63362364
,,,,,,,,41.88155814,-87.63383051
,,,,,,,,41.88185421,-87.63383051
,,,,,,,,41.88185421,-87.63412658
,,,,,,,,41.88205759,-87.63412658
,,,,,,,,41.88205759,-87.63391972
,,,,,,,,41.88215029,-87.63391972
,,,,,,,,41.88215029,-87.63383051
,,,,,,,,41.88235367,-87.63383051
,,,,,,,endGeometryPoint,41.88235367,-87.63362364
,,,,1840,Turning,Low,begin,41.88324191,-87.6342158
,,,,,,,geometryPointList,41.88333461,-87.6342158
,,,,,,,,41.88333461,-87.63412658
,,,,,,,,41.88353799,-87.63412658
,,,,,,,,41.88353799,-87.63391972
,,,,,,,,41.88363069,-87.63391972
,,,,,,,,41.88363069,-87.63383051
,,,,,,,,41.88333461,-87.63383051
,,,,,,,,41.88333461,-87.63353443
,,,,,,,,41.88324191,-87.63353443
,,,,,,,,41.88324191,-87.63362364
,,,,,,,,41.88303853,-87.63362364
,,,,,,,,41.88303853,-87.63383051
,,,,,,,,41.88294583,-87.63383051
,,,,,,,,41.88294583,-87.63391972
,,,,,,,,41.88324191,-87.63391972
,,,,,,,,41.88324191,-87.6342158
,,,,,,,,41.88324191,-87.63442266
,,,,,,,,41.88324191,-87.6342158
,,,,,,,,41.88303853,-87.6342158
,,,,,,,,41.88303853,-87.63442266
,,,,,,,endGeometryPoint,41.88324191,-87.63442266
,,,,1842,Turning,Medium,begin,41.884815,-87.64102561
,,,,,,,geometryPointList,41.8847223,-87.64102561
,,,,,,,,41.8847223,-87.6409364
,,,,,,,,41.88451893,-87.6409364
,,,,,,,,41.88451893,-87.64072953
,,,,,,,,41.88442622,-87.64072953
,,,,,,,,41.88442622,-87.64102561
,,,,,,,,41.88413015,-87.64102561
,,,,,,,,41.88413015,-87.64123248
,,,,,,,,41.88422285,-87.64123248
,,,,,,,,41.88422285,-87.64132169
,,,,,,,,41.88442622,-87.64132169
,,,,,,,,41.88442622,-87.64152856
,,,,,,,,41.88451893,-87.64152856
,,,,,,,,41.88451893,-87.64123248
,,,,,,,,41.884815,-87.64123248
,,,,,,,endGeometryPoint,41.884815,-87.64102561
,,,,1848,Turning,Low,begin,41.8862027,-87.63095893
,,,,,,,geometryPointList,41.88590662,-87.63095893
,,,,,,,,41.88590662,-87.63066285
,,,,,,,,41.88570324,-87.63066285
,,,,,,,,41.88570324,-87.63086972
,,,,,,,,41.88561054,-87.63086972
,,,,,,,,41.88561054,-87.63095893
,,,,,,,,41.88540716,-87.63095893
,,,,,,,,41.88540716,-87.63116579
,,,,,,,,41.88570324,-87.63116579
,,,,,,,,41.88570324,-87.63146187
,,,,,,,,41.88590662,-87.63146187
,,,,,,,,41.88590662,-87.63125501
,,,,,,,,41.88599932,-87.63125501
,,,,,,,,41.88599932,-87.63116579
,,,,,,,,41.8862027,-87.63116579
,,,,,,,endGeometryPoint,41.8862027,-87.63095893
,,,,1850,Turning,Low,begin,41.88718364,-87.64745014
,,,,,,,geometryPointList,41.88688756,-87.64745014
,,,,,,,,41.88688756,-87.64715406
,,,,,,,,41.88679486,-87.64715406
,,,,,,,,41.88679486,-87.64724327
,,,,,,,,41.88659148,-87.64724327
,,,,,,,,41.88659148,-87.64745014
,,,,,,,,41.88649878,-87.64745014
,,,,,,,,41.88649878,-87.64753935
,,,,,,,,41.88679486,-87.64753935
,,,,,,,,41.88679486,-87.64783543
,,,,,,,,41.88688756,-87.64783543
,,,,,,,,41.88688756,-87.64774622
,,,,,,,,41.88709094,-87.64774622
,,,,,,,,41.88709094,-87.64753935
,,,,,,,,41.88718364,-87.64753935
,,,,,,,endGeometryPoint,41.88718364,-87.64745014
,,,,1857,Turning,Medium,begin,41.89360467,-87.63560698
,,,,,,,geometryPointList,41.8934013,-87.63560698
,,,,,,,,41.8934013,-87.63540011
,,,,,,,,41.89330859,-87.63540011
,,,,,,,,41.89330859,-87.6353109
,,,,,,,,41.89310522,-87.6353109
,,,,,,,,41.89310522,-87.63560698
,,,,,,,,41.89280914,-87.63560698
,,,,,,,,41.89280914,-87.63569619
,,,,,,,,41.89301252,-87.63569619
,,,,,,,,41.89301252,-87.63590306
,,,,,,,,41.89310522,-87.63590306
,,,,,,,,41.89310522,-87.63599227
,,,,,,,,41.89330859,-87.63599227
,,,,,,,,41.89330859,-87.63569619
,,,,,,,,41.89360467,-87.63569619
,,,,,,,endGeometryPoint,41.89360467,-87.63560698
,,,,1858,Turning,Medium,begin,41.89360467,-87.63243932
,,,,,,,geometryPointList,41.89330859,-87.63243932
,,,,,,,,41.89330859,-87.63214324
,,,,,,,,41.89310522,-87.63214324
,,,,,,,,41.89310522,-87.63235011
,,,,,,,,41.89301252,-87.63235011
,,,,,,,,41.89301252,-87.63243932
,,,,,,,,41.89271644,-87.63243932
,,,,,,,,41.89242036,-87.63243932
,,,,,,,,41.89242036,-87.63214324
,,,,,,,,41.89221698,-87.63214324
,,,,,,,,41.89221698,-87.63235011
,,,,,,,,41.89212428,-87.63235011
,,,,,,,,41.89212428,-87.63243932
,,,,,,,,41.8919209,-87.63243932
,,,,,,,,41.8919209,-87.63264619
,,,,,,,,41.89221698,-87.63264619
,,,,,,,,41.89221698,-87.63294227
,,,,,,,,41.89242036,-87.63294227
,,,,,,,,41.89242036,-87.6327354
,,,,,,,,41.89251306,-87.6327354
,,,,,,,,41.89251306,-87.63264619
,,,,,,,,41.89280914,-87.63264619
,,,,,,,,41.89310522,-87.63264619
,,,,,,,,41.89310522,-87.63294227
,,,,,,,,41.89330859,-87.63294227
,,,,,,,,41.89330859,-87.6327354
,,,,,,,,41.8934013,-87.6327354
,,,,,,,,41.8934013,-87.63264619
,,,,,,,,41.89369737,-87.63264619
,,,,,,,,41.89369737,-87.63243932
,,,,,,,endGeometryPoint,41.89360467,-87.63243932
,,,,1859,Turning,High,begin,41.89360467,-87.63095893
,,,,,,,geometryPointList,41.89330859,-87.63095893
,,,,,,,,41.89330859,-87.63066285
,,,,,,,,41.89310522,-87.63066285
,,,,,,,,41.89310522,-87.63086972
,,,,,,,,41.89301252,-87.63086972
,,,,,,,,41.89301252,-87.63095893
,,,,,,,,41.89280914,-87.63095893
,,,,,,,,41.89280914,-87.63116579
,,,,,,,,41.89310522,-87.63116579
,,,,,,,,41.89310522,-87.63146187
,,,,,,,,41.8934013,-87.63146187
,,,,,,,,41.8934013,-87.63116579
,,,,,,,,41.89369737,-87.63116579
,,,,,,,,41.89369737,-87.63095893
,,,,,,,endGeometryPoint,41.89360467,-87.63095893
,,,,1861,Turning,Low,begin,41.89428953,-87.63708737
,,,,,,,geometryPointList,41.89399345,-87.63708737
,,,,,,,,41.89399345,-87.6367913
,,,,,,,,41.89390075,-87.6367913
,,,,,,,,41.89390075,-87.63688051
,,,,,,,,41.89369737,-87.63688051
,,,,,,,,41.89369737,-87.63708737
,,,,,,,,41.8934013,-87.63708737
,,,,,,,,41.8934013,-87.63717659
,,,,,,,,41.89360467,-87.63717659
,,,,,,,,41.89390075,-87.63717659
,,,,,,,,41.89390075,-87.63747266
,,,,,,,,41.89399345,-87.63747266
,,,,,,,,41.89399345,-87.63738345
,,,,,,,,41.89419683,-87.63738345
,,,,,,,,41.89419683,-87.63717659
,,,,,,,,41.89428953,-87.63717659
,,,,,,,endGeometryPoint,41.89428953,-87.63708737
,,,,4163,Parked,Low,begin,41.89093996,-87.63540011
,,,,,,,geometryPointList,41.89087658,-87.63540011
,,,,,,,,41.89087658,-87.63510403
,,,,,,,,41.89064388,-87.63510403
,,,,,,,,41.89064388,-87.63569619
,,,,,,,,41.89087658,-87.63569619
,,,,,,,,41.89093996,-87.63569619
,,,,,,,endGeometryPoint,41.89093996,-87.63540011
,,,,3700,Intersection,Low,begin,41.88215029,-87.64250601
,,,,,,,geometryPointList,41.88205759,-87.64250601
,,,,,,,,41.88205759,-87.64247601
,,,,,,,,41.88185421,-87.64247601
,,,,,,,,41.88185421,-87.64220993
,,,,,,,,41.88176151,-87.64220993
,,,,,,,,41.88176151,-87.64250601
,,,,,,,,41.88146543,-87.64250601
,,,,,,,,41.88146543,-87.64277209
,,,,,,,,41.88155814,-87.64277209
,,,,,,,,41.88155814,-87.64280209
,,,,,,,,41.88176151,-87.64280209
,,,,,,,,41.88176151,-87.64306816
,,,,,,,,41.88185421,-87.64306816
,,,,,,,,41.88185421,-87.64277209
,,,,,,,,41.88215029,-87.64277209
,,,,,,,endGeometryPoint,41.88215029,-87.64250601
,,,,2167,Side Swipe,Low,begin,41.88215029,-87.6439864
,,,,,,,geometryPointList,41.88205759,-87.6439864
,,,,,,,,41.88205759,-87.6438064
,,,,,,,,41.88185421,-87.6438064
,,,,,,,,41.88185421,-87.64369032
,,,,,,,,41.88176151,-87.64369032
,,,,,,,,41.88176151,-87.6439864
,,,,,,,,41.88146543,-87.6439864
,,,,,,,,41.88146543,-87.64410248
,,,,,,,,41.88155814,-87.64410248
,,,,,,,,41.88155814,-87.64428248
,,,,,,,,41.88176151,-87.64428248
,,,,,,,,41.88176151,-87.64439856
,,,,,,,,41.88185421,-87.64439856
,,,,,,,,41.88185421,-87.64410248
,,,,,,,,41.88215029,-87.64410248
,,,,,,,endGeometryPoint,41.88215029,-87.6439864
,,,,2169,Side Swipe,Low,begin,41.88235367,-87.63048285
,,,,,,,geometryPointList,41.88215029,-87.63048285
,,,,,,,,41.88215029,-87.63036677
,,,,,,,,41.88205759,-87.63036677
,,,,,,,,41.88205759,-87.63018677
,,,,,,,,41.88185421,-87.63018677
,,,,,,,,41.88185421,-87.63048285
,,,,,,,,41.88155814,-87.63048285
,,,,,,,,41.88155814,-87.63077893
,,,,,,,,41.88185421,-87.63077893
,,,,,,,,41.88185421,-87.631075
,,,,,,,,41.88205759,-87.631075
,,,,,,,,41.88205759,-87.63095893
,,,,,,,,41.88215029,-87.63095893
,,,,,,,,41.88215029,-87.63077893
,,,,,,,,41.88235367,-87.63077893
,,,,,,,,41.88235367,-87.63066285
,,,,,,,endGeometryPoint,41.88235367,-87.63048285
,,,,2179,Side Swipe,Medium,begin,41.88718364,-87.63095893
,,,,,,,geometryPointList,41.88709094,-87.63095893
,,,,,,,,41.88709094,-87.63077893
,,,,,,,,41.88688756,-87.63077893
,,,,,,,,41.88688756,-87.63048285
,,,,,,,,41.88679486,-87.63048285
,,,,,,,,41.88679486,-87.63095893
,,,,,,,,41.88649878,-87.63095893
,,,,,,,,41.88649878,-87.631075
,,,,,,,,41.88659148,-87.631075
,,,,,,,,41.88659148,-87.63125501
,,,,,,,,41.88679486,-87.63125501
,,,,,,,,41.88679486,-87.63137108
,,,,,,,,41.88688756,-87.63137108
,,,,,,,,41.88688756,-87.631075
,,,,,,,,41.88718364,-87.631075
,,,,,,,endGeometryPoint,41.88718364,-87.63095893
,,,,2181,Side Swipe,Medium,begin,41.89280914,-87.6325554
,,,,,,,geometryPointList,41.89251306,-87.6325554
,,,,,,,,41.89251306,-87.63243932
,,,,,,,,41.89242036,-87.63243932
,,,,,,,,41.89242036,-87.63225932
,,,,,,,,41.89221698,-87.63225932
,,,,,,,,41.89221698,-87.6325554
,,,,,,,,41.8919209,-87.6325554
,,,,,,,,41.8919209,-87.6327354
,,,,,,,,41.89212428,-87.6327354
,,,,,,,,41.89212428,-87.63285148
,,,,,,,,41.89221698,-87.63285148
,,,,,,,,41.89221698,-87.63303148
,,,,,,,,41.89242036,-87.63303148
,,,,,,,,41.89242036,-87.6327354
,,,,,,,,41.89271644,-87.6327354
,,,,,,,,41.89280914,-87.6327354
,,,,,,,endGeometryPoint,41.89280914,-87.6325554
,,,,2182,Side Swipe,High,begin,41.89369737,-87.63699658
,,,,,,,geometryPointList,41.8934013,-87.63699658
,,,,,,,,41.8934013,-87.63688051
,,,,,,,,41.89330859,-87.63688051
,,,,,,,,41.89330859,-87.63670051
,,,,,,,,41.89310522,-87.63670051
,,,,,,,,41.89310522,-87.63699658
,,,,,,,,41.89280914,-87.63699658
,,,,,,,,41.89251306,-87.63699658
,,,,,,,,41.89251306,-87.63688051
,,,,,,,,41.89242036,-87.63688051
,,,,,,,,41.89242036,-87.63670051
,,,,,,,,41.89221698,-87.63670051
,,,,,,,,41.89221698,-87.63699658
,,,,,,,,41.8919209,-87.63699658
,,,,,,,,41.8919209,-87.63717659
,,,,,,,,41.89212428,-87.63717659
,,,,,,,,41.89212428,-87.63729266
,,,,,,,,41.89221698,-87.63729266
,,,,,,,,41.89221698,-87.63747266
,,,,,,,,41.89242036,-87.63747266
,,,,,,,,41.89242036,-87.63717659
,,,,,,,,41.89271644,-87.63717659
,,,,,,,,41.89301252,-87.63717659
,,,,,,,,41.89301252,-87.63729266
,,,,,,,,41.89310522,-87.63729266
,,,,,,,,41.89310522,-87.63747266
,,,,,,,,41.89330859,-87.63747266
,,,,,,,,41.89330859,-87.63717659
,,,,,,,,41.89360467,-87.63717659
,,,,,,,,41.89369737,-87.63717659
,,,,,,,endGeometryPoint,41.89369737,-87.63699658
,,,,2183,Side Swipe,Low,begin,41.89360467,-87.62959461
,,,,,,,geometryPointList,41.8934013,-87.62959461
,,,,,,,,41.8934013,-87.62947853
,,,,,,,,41.89330859,-87.62947853
,,,,,,,,41.89330859,-87.62929853
,,,,,,,,41.89310522,-87.62929853
,,,,,,,,41.89310522,-87.62959461
,,,,,,,,41.89280914,-87.62959461
,,,,,,,,41.89280914,-87.62977461
,,,,,,,,41.89301252,-87.62977461
,,,,,,,,41.89301252,-87.62989069
,,,,,,,,41.89310522,-87.62989069
,,,,,,,,41.89310522,-87.63007069
,,,,,,,,41.89330859,-87.63007069
,,,,,,,,41.89330859,-87.62977461
,,,,,,,,41.89360467,-87.62977461
,,,,,,,endGeometryPoint,41.89360467,-87.62959461
,,,,3704,Intersection,Medium,begin,41.88235367,-87.63063285
,,,,,,,geometryPointList,41.88215029,-87.63063285
,,,,,,,,41.88215029,-87.63036677
,,,,,,,,41.88205759,-87.63036677
,,,,,,,,41.88205759,-87.63033677
,,,,,,,,41.88185421,-87.63033677
,,,,,,,,41.88185421,-87.63063285
,,,,,,,,41.88155814,-87.63063285
,,,,,,,,41.88155814,-87.63092893
,,,,,,,,41.88185421,-87.63092893
,,,,,,,,41.88185421,-87.631225
,,,,,,,,41.88205759,-87.631225
,,,,,,,,41.88205759,-87.63095893
,,,,,,,,41.88215029,-87.63095893
,,,,,,,,41.88215029,-87.63092893
,,,,,,,,41.88235367,-87.63092893
,,,,,,,,41.88235367,-87.63066285
,,,,,,,endGeometryPoint,41.88235367,-87.63063285
,,,,3703,Intersection,Low,begin,41.88235367,-87.63214324
,,,,,,,geometryPointList,41.88205759,-87.63214324
,,,,,,,,41.88205759,-87.63184716
,,,,,,,,41.88185421,-87.63184716
,,,,,,,,41.88185421,-87.63211324
,,,,,,,,41.88176151,-87.63211324
,,,,,,,,41.88176151,-87.63214324
,,,,,,,,41.88155814,-87.63214324
,,,,,,,,41.88155814,-87.63240932
,,,,,,,,41.88185421,-87.63240932
,,,,,,,,41.88185421,-87.6327054
,,,,,,,,41.88205759,-87.6327054
,,,,,,,,41.88205759,-87.63243932
,,,,,,,,41.88215029,-87.63243932
,,,,,,,,41.88215029,-87.63240932
,,,,,,,,41.88235367,-87.63240932
,,,,,,,endGeometryPoint,41.88235367,-87.63214324
,,,,4347,Hit Fixed Object,Low,begin,41.8862027,-87.63391972
,,,,,,,geometryPointList,41.88561054,-87.63391972
,,,,,,,,41.88561054,-87.63403579
,,,,,,,,41.88570324,-87.63403579
,,,,,,,,41.88570324,-87.63433187
,,,,,,,,41.88590662,-87.63433187
,,,,,,,,41.88590662,-87.63421579
,,,,,,,,41.8862027,-87.63421579
,,,,,,,endGeometryPoint,41.8862027,-87.63391972
,,,,3677,Intersection,Low,begin,41.87850464,-87.63954522
,,,,,,,geometryPointList,41.87820857,-87.63954522
,,,,,,,,41.87820857,-87.63924914
,,,,,,,,41.87800519,-87.63924914
,,,,,,,,41.87800519,-87.63951522
,,,,,,,,41.87791249,-87.63951522
,,,,,,,,41.87791249,-87.63954522
,,,,,,,,41.87770911,-87.63954522
,,,,,,,,41.87770911,-87.6398113
,,,,,,,,41.87800519,-87.6398113
,,,,,,,,41.87800519,-87.64010737
,,,,,,,,41.87820857,-87.64010737
,,,,,,,,41.87820857,-87.6398413
,,,,,,,,41.87830127,-87.6398413
,,,,,,,,41.87830127,-87.6398113
,,,,,,,,41.87850464,-87.6398113
,,,,,,,endGeometryPoint,41.87850464,-87.63954522
,,,,3678,Intersection,Low,begin,41.87850464,-87.63688051
,,,,,,,geometryPointList,41.87820857,-87.63688051
,,,,,,,,41.87820857,-87.63658443
,,,,,,,,41.87800519,-87.63658443
,,,,,,,,41.87800519,-87.63685051
,,,,,,,,41.87791249,-87.63685051
,,,,,,,,41.87791249,-87.63688051
,,,,,,,,41.87770911,-87.63688051
,,,,,,,,41.87770911,-87.63714658
,,,,,,,,41.87800519,-87.63714658
,,,,,,,,41.87800519,-87.63744266
,,,,,,,,41.87820857,-87.63744266
,,,,,,,,41.87820857,-87.63717658
,,,,,,,,41.87830127,-87.63717658
,,,,,,,,41.87830127,-87.63714658
,,,,,,,,41.87850464,-87.63714658
,,,,,,,endGeometryPoint,41.87850464,-87.63688051
,,,,3681,Intersection,Low,begin,41.87968896,-87.64250601
,,,,,,,geometryPointList,41.87939288,-87.64250601
,,,,,,,,41.87939288,-87.64220993
,,,,,,,,41.8791895,-87.64220993
,,,,,,,,41.8791895,-87.64247601
,,,,,,,,41.8790968,-87.64247601
,,,,,,,,41.8790968,-87.64250601
,,,,,,,,41.87889342,-87.64250601
,,,,,,,,41.87889342,-87.64277209
,,,,,,,,41.8791895,-87.64277209
,,,,,,,,41.8791895,-87.64306816
,,,,,,,,41.87939288,-87.64306816
,,,,,,,,41.87939288,-87.64280209
,,,,,,,,41.87948558,-87.64280209
,,,,,,,,41.87948558,-87.64277209
,,,,,,,,41.87968896,-87.64277209
,,,,,,,endGeometryPoint,41.87968896,-87.64250601
,,,,3682,Intersection,Low,begin,41.87968896,-87.63954522
,,,,,,,geometryPointList,41.87939288,-87.63954522
,,,,,,,,41.87939288,-87.63924914
,,,,,,,,41.8791895,-87.63924914
,,,,,,,,41.8791895,-87.63951522
,,,,,,,,41.8790968,-87.63951522
,,,,,,,,41.8790968,-87.63954522
,,,,,,,,41.87889342,-87.63954522
,,,,,,,,41.87889342,-87.6398113
,,,,,,,,41.8791895,-87.6398113
,,,,,,,,41.8791895,-87.64010737
,,,,,,,,41.87939288,-87.64010737
,,,,,,,,41.87939288,-87.6398413
,,,,,,,,41.87948558,-87.6398413
,,,,,,,,41.87948558,-87.6398113
,,,,,,,,41.87968896,-87.6398113
,,,,,,,endGeometryPoint,41.87968896,-87.63954522
,,,,3710,Intersection,Medium,begin,41.88353799,-87.63954522
,,,,,,,geometryPointList,41.88324191,-87.63954522
,,,,,,,,41.88324191,-87.63924914
,,,,,,,,41.88303853,-87.63924914
,,,,,,,,41.88303853,-87.63951522
,,,,,,,,41.88294583,-87.63951522
,,,,,,,,41.88294583,-87.63954522
,,,,,,,,41.88274245,-87.63954522
,,,,,,,,41.88274245,-87.6398113
,,,,,,,,41.88303853,-87.6398113
,,,,,,,,41.88303853,-87.64010737
,,,,,,,,41.88324191,-87.64010737
,,,,,,,,41.88324191,-87.6398413
,,,,,,,,41.88333461,-87.6398413
,,,,,,,,41.88333461,-87.6398113
,,,,,,,,41.88353799,-87.6398113
,,,,,,,endGeometryPoint,41.88353799,-87.63954522
,,,,3711,Intersection,Low,begin,41.88363069,-87.63362364
,,,,,,,geometryPointList,41.88353799,-87.63362364
,,,,,,,,41.88353799,-87.63359364
,,,,,,,,41.88333461,-87.63359364
,,,,,,,,41.88333461,-87.63332756
,,,,,,,,41.88324191,-87.63332756
,,,,,,,,41.88324191,-87.63362364
,,,,,,,,41.88294583,-87.63362364
,,,,,,,,41.88294583,-87.63388972
,,,,,,,,41.88303853,-87.63388972
,,,,,,,,41.88303853,-87.63391972
,,,,,,,,41.88324191,-87.63391972
,,,,,,,,41.88324191,-87.63418579
,,,,,,,,41.88333461,-87.63418579
,,,,,,,,41.88333461,-87.63388972
,,,,,,,,41.88363069,-87.63388972
,,,,,,,endGeometryPoint,41.88363069,-87.63362364
,,,,3713,Intersection,Low,begin,41.884815,-87.64102561
,,,,,,,geometryPointList,41.8847223,-87.64102561
,,,,,,,,41.8847223,-87.64099561
,,,,,,,,41.88451893,-87.64099561
,,,,,,,,41.88451893,-87.64072953
,,,,,,,,41.88442622,-87.64072953
,,,,,,,,41.88442622,-87.64102561
,,,,,,,,41.88413015,-87.64102561
,,,,,,,,41.88413015,-87.64129169
,,,,,,,,41.88422285,-87.64129169
,,,,,,,,41.88422285,-87.64132169
,,,,,,,,41.88442622,-87.64132169
,,,,,,,,41.88442622,-87.64158777
,,,,,,,,41.88451893,-87.64158777
,,,,,,,,41.88451893,-87.64129169
,,,,,,,,41.884815,-87.64129169
,,,,,,,endGeometryPoint,41.884815,-87.64102561
,,,,3715,Intersection,Low,begin,41.88353799,-87.62770206
,,,,,,,geometryPointList,41.88324191,-87.62770206
,,,,,,,,41.88324191,-87.62767206
,,,,,,,,41.88274245,-87.62767206
,,,,,,,,41.88274245,-87.62796814
,,,,,,,,41.88383407,-87.62796814
,,,,,,,,41.88383407,-87.62770206
,,,,,,,,41.88353799,-87.62770206
,,,,,,,,41.884815,-87.62770206
,,,,,,,,41.8847223,-87.62770206
,,,,,,,,41.8847223,-87.62767206
,,,,,,,,41.88451893,-87.62767206
,,,,,,,,41.88451893,-87.62740598
,,,,,,,,41.88442622,-87.62740598
,,,,,,,,41.88442622,-87.62770206
,,,,,,,,41.88413015,-87.62770206
,,,,,,,,41.88413015,-87.62796814
,,,,,,,,41.88422285,-87.62796814
,,,,,,,,41.88422285,-87.62799814
,,,,,,,,41.88442622,-87.62799814
,,,,,,,,41.88442622,-87.62826421
,,,,,,,,41.88451893,-87.62826421
,,,,,,,,41.88451893,-87.62796814
,,,,,,,,41.884815,-87.62796814
,,,,,,,endGeometryPoint,41.884815,-87.62770206
,,,,3725,Intersection,Medium,begin,41.88599932,-87.64724327
,,,,,,,geometryPointList,41.88590662,-87.64724327
,,,,,,,,41.88590662,-87.64721327
,,,,,,,,41.88570324,-87.64721327
,,,,,,,,41.88570324,-87.64694719
,,,,,,,,41.88561054,-87.64694719
,,,,,,,,41.88561054,-87.64724327
,,,,,,,,41.88531446,-87.64724327
,,,,,,,,41.88531446,-87.64750935
,,,,,,,,41.88540716,-87.64750935
,,,,,,,,41.88540716,-87.64753935
,,,,,,,,41.88561054,-87.64753935
,,,,,,,,41.88561054,-87.64780543
,,,,,,,,41.88570324,-87.64780543
,,,,,,,,41.88570324,-87.64750935
,,,,,,,,41.88599932,-87.64750935
,,,,,,,endGeometryPoint,41.88599932,-87.64724327
,,,,3726,Intersection,Medium,begin,41.88599932,-87.6439864
,,,,,,,geometryPointList,41.88590662,-87.6439864
,,,,,,,,41.88590662,-87.6439564
,,,,,,,,41.88570324,-87.6439564
,,,,,,,,41.88570324,-87.64369032
,,,,,,,,41.88561054,-87.64369032
,,,,,,,,41.88561054,-87.6439864
,,,,,,,,41.88531446,-87.6439864
,,,,,,,,41.88531446,-87.64425248
,,,,,,,,41.88540716,-87.64425248
,,,,,,,,41.88540716,-87.64428248
,,,,,,,,41.88561054,-87.64428248
,,,,,,,,41.88561054,-87.64454856
,,,,,,,,41.88570324,-87.64454856
,,,,,,,,41.88570324,-87.64425248
,,,,,,,,41.88599932,-87.64425248
,,,,,,,endGeometryPoint,41.88599932,-87.6439864
,,,,3728,Intersection,High,begin,41.8862027,-87.63688051
,,,,,,,geometryPointList,41.88590662,-87.63688051
,,,,,,,,41.88590662,-87.63658443
,,,,,,,,41.88561054,-87.63658443
,,,,,,,,41.88561054,-87.63688051
,,,,,,,,41.88531446,-87.63688051
,,,,,,,,41.88531446,-87.63714658
,,,,,,,,41.88540716,-87.63714658
,,,,,,,,41.88540716,-87.63717658
,,,,,,,,41.88561054,-87.63717658
,,,,,,,,41.88561054,-87.63744266
,,,,,,,,41.88570324,-87.63744266
,,,,,,,,41.88590662,-87.63744266
,,,,,,,,41.88590662,-87.63717658
,,,,,,,,41.88599932,-87.63717658
,,,,,,,,41.88599932,-87.63714658
,,,,,,,,41.8862027,-87.63714658
,,,,,,,endGeometryPoint,41.8862027,-87.63688051
,,,,3729,Intersection,Low,begin,41.8862027,-87.63243932
,,,,,,,geometryPointList,41.88590662,-87.63243932
,,,,,,,,41.88590662,-87.63214324
,,,,,,,,41.88570324,-87.63214324
,,,,,,,,41.88570324,-87.63240932
,,,,,,,,41.88561054,-87.63240932
,,,,,,,,41.88561054,-87.63243932
,,,,,,,,41.88540716,-87.63243932
,,,,,,,,41.88540716,-87.6327054
,,,,,,,,41.88570324,-87.6327054
,,,,,,,,41.88570324,-87.63300148
,,,,,,,,41.88590662,-87.63300148
,,,,,,,,41.88590662,-87.6327354
,,,,,,,,41.88599932,-87.6327354
,,,,,,,,41.88599932,-87.6327054
,,,,,,,,41.8862027,-87.6327054
,,,,,,,endGeometryPoint,41.8862027,-87.63243932
,,,,3733,Intersection,High,begin,41.88718364,-87.64724327
,,,,,,,geometryPointList,41.88709094,-87.64724327
,,,,,,,,41.88709094,-87.64721327
,,,,,,,,41.88688756,-87.64721327
,,,,,,,,41.88688756,-87.64694719
,,,,,,,,41.88679486,-87.64694719
,,,,,,,,41.88679486,-87.64724327
,,,,,,,,41.88649878,-87.64724327
,,,,,,,,41.88649878,-87.64750935
,,,,,,,,41.88659148,-87.64750935
,,,,,,,,41.88659148,-87.64753935
,,,,,,,,41.88679486,-87.64753935
,,,,,,,,41.88679486,-87.64780543
,,,,,,,,41.88688756,-87.64780543
,,,,,,,,41.88688756,-87.64750935
,,,,,,,,41.88718364,-87.64750935
,,,,,,,endGeometryPoint,41.88718364,-87.64724327
,,,,3734,Intersection,Medium,begin,41.88718364,-87.62947853
,,,,,,,geometryPointList,41.88709094,-87.62947853
,,,,,,,,41.88709094,-87.62944853
,,,,,,,,41.88688756,-87.62944853
,,,,,,,,41.88688756,-87.62918245
,,,,,,,,41.88679486,-87.62918245
,,,,,,,,41.88679486,-87.62947853
,,,,,,,,41.88649878,-87.62947853
,,,,,,,,41.88649878,-87.62974461
,,,,,,,,41.88659148,-87.62974461
,,,,,,,,41.88659148,-87.62977461
,,,,,,,,41.88679486,-87.62977461
,,,,,,,,41.88679486,-87.63007069
,,,,,,,,41.88649878,-87.63007069
,,,,,,,,41.88649878,-87.63033677
,,,,,,,,41.88659148,-87.63033677
,,,,,,,,41.88659148,-87.63036677
,,,,,,,,41.88679486,-87.63036677
,,,,,,,,41.88679486,-87.63063285
,,,,,,,,41.88688756,-87.63063285
,,,,,,,,41.88688756,-87.63033677
,,,,,,,,41.88718364,-87.63033677
,,,,,,,,41.88718364,-87.63007069
,,,,,,,,41.88709094,-87.63007069
,,,,,,,,41.88709094,-87.63004069
,,,,,,,,41.88688756,-87.63004069
,,,,,,,,41.88688756,-87.62974461
,,,,,,,,41.88718364,-87.62974461
,,,,,,,endGeometryPoint,41.88718364,-87.62947853
,,,,3743,Intersection,Low,begin,41.8903478,-87.63243932
,,,,,,,geometryPointList,41.89005173,-87.63243932
,,,,,,,,41.89005173,-87.63214324
,,,,,,,,41.88984835,-87.63214324
,,,,,,,,41.88984835,-87.63240932
,,,,,,,,41.88975565,-87.63240932
,,,,,,,,41.88975565,-87.63243932
,,,,,,,,41.88955227,-87.63243932
,,,,,,,,41.88955227,-87.6327054
,,,,,,,,41.88984835,-87.6327054
,,,,,,,,41.88984835,-87.63300148
,,,,,,,,41.89005173,-87.63300148
,,,,,,,,41.89005173,-87.6327354
,,,,,,,,41.89014443,-87.6327354
,,,,,,,,41.89014443,-87.6327054
,,,,,,,,41.8903478,-87.6327054
,,,,,,,endGeometryPoint,41.8903478,-87.63243932
,,,,3746,Intersection,Medium,begin,41.89280914,-87.62947853
,,,,,,,geometryPointList,41.89271644,-87.62947853
,,,,,,,,41.89271644,-87.62944853
,,,,,,,,41.89251306,-87.62944853
,,,,,,,,41.89251306,-87.62918245
,,,,,,,,41.89242036,-87.62918245
,,,,,,,,41.89242036,-87.62947853
,,,,,,,,41.89212428,-87.62947853
,,,,,,,,41.89212428,-87.62974461
,,,,,,,,41.89221698,-87.62974461
,,,,,,,,41.89221698,-87.62977461
,,,,,,,,41.89242036,-87.62977461
,,,,,,,,41.89242036,-87.63004069
,,,,,,,,41.89251306,-87.63004069
,,,,,,,,41.89251306,-87.62974461
,,,,,,,,41.89280914,-87.62974461
,,,,,,,endGeometryPoint,41.89280914,-87.62947853
,,,,3748,Intersection,Medium,begin,41.89360467,-87.63688051
,,,,,,,geometryPointList,41.89330859,-87.63688051
,,,,,,,,41.89330859,-87.63658443
,,,,,,,,41.89310522,-87.63658443
,,,,,,,,41.89310522,-87.63685051
,,,,,,,,41.89301252,-87.63685051
,,,,,,,,41.89301252,-87.63688051
,,,,,,,,41.89271644,-87.63688051
,,,,,,,,41.89242036,-87.63688051
,,,,,,,,41.89242036,-87.63658443
,,,,,,,,41.89221698,-87.63658443
,,,,,,,,41.89221698,-87.63685051
,,,,,,,,41.89212428,-87.63685051
,,,,,,,,41.89212428,-87.63688051
,,,,,,,,41.8919209,-87.63688051
,,,,,,,,41.8919209,-87.63714658
,,,,,,,,41.89221698,-87.63714658
,,,,,,,,41.89221698,-87.63744266
,,,,,,,,41.89242036,-87.63744266
,,,,,,,,41.89242036,-87.63717658
,,,,,,,,41.89251306,-87.63717658
,,,,,,,,41.89251306,-87.63714658
,,,,,,,,41.89280914,-87.63714658
,,,,,,,,41.89310522,-87.63714658
,,,,,,,,41.89310522,-87.63744266
,,,,,,,,41.89330859,-87.63744266
,,,,,,,,41.89330859,-87.63717658
,,,,,,,,41.8934013,-87.63717658
,,,,,,,,41.8934013,-87.63714658
,,,,,,,,41.89369737,-87.63714658
,,,,,,,,41.89369737,-87.63688051
,,,,,,,endGeometryPoint,41.89360467,-87.63688051
,,,,3749,Intersection,Medium,begin,41.89360467,-87.63540011
,,,,,,,geometryPointList,41.89330859,-87.63540011
,,,,,,,,41.89330859,-87.63510403
,,,,,,,,41.89310522,-87.63510403
,,,,,,,,41.89310522,-87.63537011
,,,,,,,,41.89301252,-87.63537011
,,,,,,,,41.89301252,-87.63540011
,,,,,,,,41.89271644,-87.63540011
,,,,,,,,41.89242036,-87.63540011
,,,,,,,,41.89242036,-87.63510403
,,,,,,,,41.89221698,-87.63510403
,,,,,,,,41.89221698,-87.63537011
,,,,,,,,41.89212428,-87.63537011
,,,,,,,,41.89212428,-87.63540011
,,,,,,,,41.8919209,-87.63540011
,,,,,,,,41.8919209,-87.63566619
,,,,,,,,41.89221698,-87.63566619
,,,,,,,,41.89221698,-87.63596227
,,,,,,,,41.89242036,-87.63596227
,,,,,,,,41.89242036,-87.63569619
,,,,,,,,41.89251306,-87.63569619
,,,,,,,,41.89251306,-87.63566619
,,,,,,,,41.89280914,-87.63566619
,,,,,,,,41.89310522,-87.63566619
,,,,,,,,41.89310522,-87.63596227
,,,,,,,,41.89330859,-87.63596227
,,,,,,,,41.89330859,-87.63569619
,,,,,,,,41.8934013,-87.63569619
,,,,,,,,41.8934013,-87.63566619
,,,,,,,,41.89360467,-87.63566619
,,,,,,,endGeometryPoint,41.89360467,-87.63540011
,,,,3750,Intersection,Low,begin,41.89360467,-87.63243932
,,,,,,,geometryPointList,41.89330859,-87.63243932
,,,,,,,,41.89330859,-87.63214324
,,,,,,,,41.89310522,-87.63214324
,,,,,,,,41.89310522,-87.63240932
,,,,,,,,41.89301252,-87.63240932
,,,,,,,,41.89301252,-87.63243932
,,,,,,,,41.89280914,-87.63243932
,,,,,,,,41.89280914,-87.6327054
,,,,,,,,41.89310522,-87.6327054
,,,,,,,,41.89310522,-87.63300148
,,,,,,,,41.89330859,-87.63300148
,,,,,,,,41.89330859,-87.6327354
,,,,,,,,41.8934013,-87.6327354
,,,,,,,,41.8934013,-87.6327054
,,,,,,,,41.89369737,-87.6327054
,,,,,,,,41.89369737,-87.63243932
,,,,,,,endGeometryPoint,41.89360467,-87.63243932
,,,,3751,Intersection,Medium,begin,41.89428953,-87.63391972
,,,,,,,geometryPointList,41.89419683,-87.63391972
,,,,,,,,41.89419683,-87.63388972
,,,,,,,,41.89399345,-87.63388972
,,,,,,,,41.89399345,-87.63362364
,,,,,,,,41.89390075,-87.63362364
,,,,,,,,41.89390075,-87.63391972
,,,,,,,,41.89360467,-87.63391972
,,,,,,,,41.89360467,-87.63418579
,,,,,,,,41.89369737,-87.63418579
,,,,,,,,41.89369737,-87.63421579
,,,,,,,,41.89390075,-87.63421579
,,,,,,,,41.89390075,-87.63448187
,,,,,,,,41.89399345,-87.63448187
,,,,,,,,41.89399345,-87.63418579
,,,,,,,,41.89428953,-87.63418579
,,,,,,,endGeometryPoint,41.89428953,-87.63391972
,,,,3753,Intersection,Medium,begin,41.89508507,-87.63688051
,,,,,,,geometryPointList,41.89478899,-87.63688051
,,,,,,,,41.89478899,-87.63658443
,,,,,,,,41.89458561,-87.63658443
,,,,,,,,41.89458561,-87.63685051
,,,,,,,,41.89449291,-87.63685051
,,,,,,,,41.89449291,-87.63688051
,,,,,,,,41.89428953,-87.63688051
,,,,,,,,41.89428953,-87.63714658
,,,,,,,,41.89458561,-87.63714658
,,,,,,,,41.89458561,-87.63744266
,,,,,,,,41.89478899,-87.63744266
,,,,,,,,41.89478899,-87.63717658
,,,,,,,,41.89488169,-87.63717658
,,,,,,,,41.89488169,-87.63714658
,,,,,,,,41.89508507,-87.63714658
,,,,,,,endGeometryPoint,41.89508507,-87.63688051
,,,,3757,Intersection,Low,begin,41.89567723,-87.63717658
,,,,,,,geometryPointList,41.89597331,-87.63717658
,,,,,,,,41.89597331,-87.63714658
,,,,,,,,41.89576993,-87.63714658
,,,,,,,,41.89576993,-87.63688051
,,,,,,,,41.89567723,-87.63688051
,,,,,,,,41.89567723,-87.63685051
,,,,,,,,41.89547385,-87.63685051
,,,,,,,,41.89547385,-87.63714658
,,,,,,,,41.89538115,-87.63714658
,,,,,,,,41.89538115,-87.63717658
,,,,,,,,41.89567723,-87.63717658
,,,,,,,,41.89597331,-87.63717658
,,,,,,,,41.89597331,-87.63744266
,,,,,,,,41.89606601,-87.63744266
,,,,,,,,41.89606601,-87.63717658
,,,,,,,endGeometryPoint,41.89597331,-87.63717658
,,,,3758,Intersection,Medium,begin,41.89597331,-87.63243932
,,,,,,,geometryPointList,41.89567723,-87.63243932
,,,,,,,,41.89567723,-87.63214324
,,,,,,,,41.89547385,-87.63214324
,,,,,,,,41.89547385,-87.63240932
,,,,,,,,41.89538115,-87.63240932
,,,,,,,,41.89538115,-87.63243932
,,,,,,,,41.89508507,-87.63243932
,,,,,,,,41.89508507,-87.6327054
,,,,,,,,41.89517777,-87.6327054
,,,,,,,,41.89547385,-87.6327054
,,,,,,,,41.89547385,-87.63300148
,,,,,,,,41.89567723,-87.63300148
,,,,,,,,41.89567723,-87.6327354
,,,,,,,,41.89576993,-87.6327354
,,,,,,,,41.89576993,-87.6327054
,,,,,,,,41.89597331,-87.6327054
,,,,,,,,41.89597331,-87.63243932
,,,,,,,,41.89428953,-87.63243932
,,,,,,,,41.89428953,-87.6327054
,,,,,,,,41.89449291,-87.6327054
,,,,,,,,41.89449291,-87.63243932
,,,,,,,endGeometryPoint,41.89428953,-87.63243932
,,,,1815,Turning,Low,begin,41.8791895,-87.63362364
,,,,,,,geometryPointList,41.8791895,-87.63412658
,,,,,,,,41.87948558,-87.63412658
,,,,,,,,41.87948558,-87.63353443
,,,,,,,,41.87939288,-87.63353443
,,,,,,,,41.87939288,-87.63362364
,,,,,,,endGeometryPoint,41.8791895,-87.63362364
